{
"type": "FeatureCollection",
"name": "ssurgo_mapunits_clipped",
"crs": { "type": "name", "properties": { "name": "urn:ogc:def:crs:OGC:1.3:CRS84" } },
"features": [
{ "type": "Feature", "properties": { "mukey": "1154991", "musym": "CcB", "muname": "Cecil sandy loam, 2 to 6 percent slopes", "aws025wta": 2.95, "soil_area_m2": 234828.97768559476 }, "geometry": { "type": "Polygon", "coordinates": [ [ [ -82.530313, 34.322116 ], [ -82.530147, 34.322033 ], [ -82.530056, 34.321705 ], [ -82.529767, 34.321485 ], [ -82.529602026854761, 34.321195573471527 ], [ -82.52987105873305, 34.321090008651503 ], [ -82.53037311348109, 34.320940974938679 ], [ -82.530890355654122, 34.320833485765377 ], [ -82.531417804617476, 34.320768576137638 ], [ -82.531950381505354, 34.320746871054695 ], [ -82.532489341847878, 34.320746871570478 ], [ -82.532938520193596, 34.320765178752673 ], [ -82.532984747865228, 34.320763294809346 ], [ -82.532984765252792, 34.320493797812958 ], [ -82.533010957482176, 34.320051925107997 ], [ -82.533089224305726, 34.319614310176618 ], [ -82.533218811174962, 34.319185167432117 ], [ -82.53339846935593, 34.318768629633219 ], [ -82.533626467983439, 34.318368708088414 ], [ -82.533900610755396, 34.317989254032327 ], [ -82.534218257105223, 34.317633921545394 ], [ -82.534296262630008, 34.317562517094316 ], [ -82.534348650348292, 34.317271898539261 ], [ -82.534480247267311, 34.316839609976803 ], [ -82.534662664258818, 34.316420221402858 ], [ -82.534672178973793, 34.316403679862461 ], [ -82.534802, 34.316299 ], [ -82.534858, 34.316237 ], [ -82.535161, 34.316067 ], [ -82.535199, 34.31603 ], [ -82.535457, 34.315951 ], [ -82.535723, 34.315958 ], [ -82.535901, 34.316023 ], [ -82.536074, 34.316217 ], [ -82.536151, 34.316275 ], [ -82.536197, 34.316305 ], [ -82.536328, 34.316332 ], [ -82.536641, 34.316317 ], [ -82.537124, 34.316132 ], [ -82.537334, 34.316096 ], [ -82.537806, 34.316124 ], [ -82.538191, 34.316289 ], [ -82.53822, 34.316288 ], [ -82.538288, 34.31633 ], [ -82.53839, 34.316358 ], [ -82.538528, 34.316336 ], [ -82.538736, 34.316229 ], [ -82.538954, 34.316158 ], [ -82.539216, 34.316096 ], [ -82.539586, 34.316084 ], [ -82.539816, 34.316132 ], [ -82.53999, 34.316338 ], [ -82.539985, 34.316536 ], [ -82.539957, 34.316651 ], [ -82.539959, 34.316999 ], [ -82.540072, 34.317202 ], [ -82.540217, 34.317342 ], [ -82.540237, 34.317443 ], [ -82.540223, 34.317475 ], [ -82.54012, 34.317578 ], [ -82.539885, 34.317651 ], [ -82.539638, 34.317653 ], [ -82.539443, 34.317558 ], [ -82.539377, 34.317543 ], [ -82.539242, 34.31755 ], [ -82.538979, 34.317614 ], [ -82.538783, 34.317641 ], [ -82.538397, 34.317473 ], [ -82.537991, 34.317209 ], [ -82.537767, 34.317145 ], [ -82.537495, 34.317135 ], [ -82.53707, 34.31734 ], [ -82.53683, 34.317564 ], [ -82.536639, 34.31782 ], [ -82.536437, 34.317934 ], [ -82.53593, 34.318025 ], [ -82.535839, 34.318066 ], [ -82.535737, 34.318053 ], [ -82.535657, 34.318072 ], [ -82.53539, 34.318063 ], [ -82.535219, 34.318179 ], [ -82.535171, 34.318307 ], [ -82.535191, 34.318489 ], [ -82.535711, 34.319066 ], [ -82.535798, 34.319131 ], [ -82.53597, 34.319203 ], [ -82.53658, 34.31941 ], [ -82.536699, 34.319505 ], [ -82.536828, 34.319693 ], [ -82.536848, 34.320013 ], [ -82.536687, 34.320201 ], [ -82.536537, 34.320281 ], [ -82.536451, 34.320289 ], [ -82.53603, 34.320251 ], [ -82.53562, 34.320134 ], [ -82.535367, 34.320155 ], [ -82.534718, 34.3204 ], [ -82.534118, 34.3205 ], [ -82.533523, 34.320761 ], [ -82.533381, 34.320886 ], [ -82.533302, 34.321013 ], [ -82.533306, 34.321209 ], [ -82.533467, 34.321751 ], [ -82.533512, 34.321858 ], [ -82.533624, 34.321993 ], [ -82.533629, 34.322043 ], [ -82.533669, 34.32208 ], [ -82.533699, 34.322086 ], [ -82.533868, 34.322243 ], [ -82.533954, 34.322278 ], [ -82.534171, 34.322336 ], [ -82.534699, 34.322318 ], [ -82.534777, 34.322346 ], [ -82.534844, 34.322425 ], [ -82.534881, 34.322576 ], [ -82.53485, 34.322674 ], [ -82.534762, 34.32284 ], [ -82.53476, 34.322877 ], [ -82.534566, 34.323167 ], [ -82.534474, 34.323267 ], [ -82.53432, 34.323382 ], [ -82.534054, 34.323532 ], [ -82.533883, 34.323552 ], [ -82.53377, 34.323548 ], [ -82.533689, 34.323645 ], [ -82.533584, 34.323947 ], [ -82.533511, 34.324038 ], [ -82.53332, 34.324084 ], [ -82.533207, 34.324169 ], [ -82.533139, 34.324178 ], [ -82.533093, 34.324161 ], [ -82.532935, 34.323987 ], [ -82.532833, 34.323725 ], [ -82.53279, 34.323525 ], [ -82.532773, 34.323318 ], [ -82.532844, 34.323138 ], [ -82.53284, 34.323037 ], [ -82.532794, 34.322866 ], [ -82.532687, 34.322741 ], [ -82.53241, 34.322706 ], [ -82.53235, 34.32268 ], [ -82.532168, 34.322546 ], [ -82.532032, 34.322418 ], [ -82.531915, 34.322223 ], [ -82.531776, 34.32212 ], [ -82.531688, 34.322079 ], [ -82.531402, 34.322074 ], [ -82.53108, 34.322156 ], [ -82.530983, 34.322155 ], [ -82.530313, 34.322116 ] ] ] } },
{ "type": "Feature", "properties": { "mukey": "1154986", "musym": "ApC", "muname": "Appling sandy loam, 6 to 10 percent slopes", "aws025wta": 3.47, "soil_area_m2": 39950.888390839253 }, "geometry": { "type": "Polygon", "coordinates": [ [ [ -82.529867, 34.323904 ], [ -82.529395, 34.323652 ], [ -82.529272, 34.323499 ], [ -82.529179, 34.32333 ], [ -82.528984, 34.322856 ], [ -82.528915, 34.322638 ], [ -82.528829, 34.322273 ], [ -82.528667, 34.32195 ], [ -82.528374364554224, 34.321555789160925 ], [ -82.528824223072803, 34.321462303788735 ], [ -82.529085320140439, 34.321430172880753 ], [ -82.529389025874593, 34.321279151851805 ], [ -82.529602026854761, 34.321195573471527 ], [ -82.529767, 34.321485 ], [ -82.530056, 34.321705 ], [ -82.530147, 34.322033 ], [ -82.530313, 34.322116 ], [ -82.530983, 34.322155 ], [ -82.531025, 34.322421 ], [ -82.530965, 34.322509 ], [ -82.530831, 34.322608 ], [ -82.530326, 34.32288 ], [ -82.530243, 34.322977 ], [ -82.530234, 34.323164 ], [ -82.530318, 34.323289 ], [ -82.530608, 34.323491 ], [ -82.530747, 34.323626 ], [ -82.530738, 34.323888 ], [ -82.530564, 34.324063 ], [ -82.530421, 34.324145 ], [ -82.530318, 34.324154 ], [ -82.530169, 34.324136 ], [ -82.529867, 34.323904 ] ] ] } },
{ "type": "Feature", "properties": { "mukey": "1154985", "musym": "ApB", "muname": "Appling sandy loam, 2 to 6 percent slopes", "aws025wta": 3.5, "soil_area_m2": 170691.97106347379 }, "geometry": { "type": "Polygon", "coordinates": [ [ [ -82.528667, 34.32195 ], [ -82.528829, 34.322273 ], [ -82.528915, 34.322638 ], [ -82.528984, 34.322856 ], [ -82.529179, 34.32333 ], [ -82.529272, 34.323499 ], [ -82.529031, 34.323507 ], [ -82.528492, 34.323443 ], [ -82.528189, 34.323447 ], [ -82.527917, 34.323536 ], [ -82.527693, 34.323731 ], [ -82.527623, 34.323815 ], [ -82.527217, 34.324574 ], [ -82.52704, 34.3248 ], [ -82.526733, 34.325053 ], [ -82.526538, 34.325261 ], [ -82.526454, 34.325475 ], [ -82.526452, 34.325658 ], [ -82.52651, 34.325858 ], [ -82.526671, 34.326122 ], [ -82.526907, 34.32637 ], [ -82.526925, 34.326411 ], [ -82.526973, 34.326564 ], [ -82.526954, 34.326837 ], [ -82.526886, 34.326925 ], [ -82.526743, 34.327022 ], [ -82.525721, 34.327039 ], [ -82.525486, 34.327142 ], [ -82.525411, 34.3272 ], [ -82.525101, 34.327513 ], [ -82.525044, 34.327495 ], [ -82.524784, 34.327346 ], [ -82.524294, 34.32713 ], [ -82.523302, 34.326753 ], [ -82.523195464250762, 34.32673479716297 ], [ -82.523218154559757, 34.326346455241328 ], [ -82.523294204374565, 34.325914986055892 ], [ -82.523420143295667, 34.325491630936796 ], [ -82.523594792316089, 34.325080350713819 ], [ -82.52381651677058, 34.324684993188356 ], [ -82.524083241653258, 34.324309257139916 ], [ -82.524392471051144, 34.323956657728552 ], [ -82.52474131151132, 34.323630493616669 ], [ -82.525126499122337, 34.323333816117632 ], [ -82.525544430056158, 34.323069400659044 ], [ -82.525783276421024, 34.322932921072457 ], [ -82.526042093894986, 34.322696019306129 ], [ -82.526437205542564, 34.322398929513767 ], [ -82.526865509956892, 34.322135400279464 ], [ -82.527322882536879, 34.321907969211161 ], [ -82.527804918889075, 34.321718826292241 ], [ -82.528306977230585, 34.321569792802492 ], [ -82.528374364554224, 34.321555789160925 ], [ -82.528667, 34.32195 ] ] ] } },
{ "type": "Feature", "properties": { "mukey": "1155004", "musym": "HeB", "muname": "Helena sandy loam, 2 to 6 percent slopes", "aws025wta": 3.05, "soil_area_m2": 15229.201988656168 }, "geometry": { "type": "Polygon", "coordinates": [ [ [ -82.523302, 34.326753 ], [ -82.524294, 34.32713 ], [ -82.524784, 34.327346 ], [ -82.525044, 34.327495 ], [ -82.525101, 34.327513 ], [ -82.525141, 34.327841 ], [ -82.52506, 34.328037 ], [ -82.524955, 34.32813 ], [ -82.524826, 34.328173 ], [ -82.524711, 34.328164 ], [ -82.524222, 34.328178 ], [ -82.524163, 34.328166 ], [ -82.523739, 34.327816 ], [ -82.523417, 34.327578 ], [ -82.523203617790998, 34.327506057177288 ], [ -82.523192671054602, 34.32732099163978 ], [ -82.52319270614268, 34.326782001688059 ], [ -82.523195464250762, 34.32673479716297 ], [ -82.523302, 34.326753 ] ], [ [ -82.524138, 34.327688 ], [ -82.524155, 34.327682 ], [ -82.524192, 34.327631 ], [ -82.524217, 34.327558 ], [ -82.524205, 34.327508 ], [ -82.524122, 34.327417 ], [ -82.524032, 34.3273 ], [ -82.523972, 34.327253 ], [ -82.523936, 34.327229 ], [ -82.523848, 34.327132 ], [ -82.523757, 34.327093 ], [ -82.523676, 34.327094 ], [ -82.523595, 34.327143 ], [ -82.523573, 34.327211 ], [ -82.523583, 34.327252 ], [ -82.5236, 34.327299 ], [ -82.523627, 34.327338 ], [ -82.523736, 34.327424 ], [ -82.523903, 34.327561 ], [ -82.524044, 34.327667 ], [ -82.524088, 34.327684 ], [ -82.524138, 34.327688 ] ] ] } },
{ "type": "Feature", "properties": { "mukey": "1154992", "musym": "CcC", "muname": "Cecil sandy loam, 6 to 10 percent slopes", "aws025wta": 2.99, "soil_area_m2": 34943.198700104964 }, "geometry": { "type": "MultiPolygon", "coordinates": [ [ [ [ -82.522246, 34.331574 ], [ -82.521740687173718, 34.331432740012524 ], [ -82.522099690395351, 34.331269284030476 ], [ -82.522554262162018, 34.331105075196398 ], [ -82.52302498105972, 34.330975918315033 ], [ -82.523105274418512, 34.330960451605954 ], [ -82.523470110367583, 34.330830053382115 ], [ -82.523482860937065, 34.330826590263555 ], [ -82.52342643918162, 34.330695750989676 ], [ -82.523296891297505, 34.330266596906746 ], [ -82.523218673140036, 34.329828975087146 ], [ -82.523215554433889, 34.329776248066779 ], [ -82.523254, 34.329777 ], [ -82.523684, 34.329759 ], [ -82.524115, 34.329799 ], [ -82.524292, 34.329834 ], [ -82.524608, 34.329943 ], [ -82.524696, 34.329989 ], [ -82.524775, 34.330073 ], [ -82.524869, 34.330196 ], [ -82.524867, 34.330336 ], [ -82.524825, 34.330389 ], [ -82.524692, 34.330505 ], [ -82.52427, 34.33065 ], [ -82.52402, 34.330773 ], [ -82.523987, 34.330777 ], [ -82.523754, 34.331023 ], [ -82.523696, 34.33114 ], [ -82.523695, 34.331251 ], [ -82.523726, 34.331388 ], [ -82.523928, 34.331559 ], [ -82.524, 34.331612 ], [ -82.524323, 34.331761 ], [ -82.524815, 34.332124 ], [ -82.524935, 34.332243 ], [ -82.524744, 34.332324 ], [ -82.524433, 34.33236 ], [ -82.524148, 34.332344 ], [ -82.523541, 34.332146 ], [ -82.522886, 34.331791 ], [ -82.522589, 34.331676 ], [ -82.522474, 34.331644 ], [ -82.522347, 34.33163 ], [ -82.52229, 34.331598 ], [ -82.522246, 34.331574 ] ] ], [ [ [ -82.523381, 34.328418 ], [ -82.523498, 34.328552 ], [ -82.523502, 34.328585 ], [ -82.523417, 34.328713 ], [ -82.52320647659289, 34.328889464506943 ], [ -82.523220302008767, 34.328662882847532 ], [ -82.523270756627056, 34.328388924863965 ], [ -82.523381, 34.328418 ] ] ] ] } },
{ "type": "Feature", "properties": { "mukey": "1154993", "musym": "CcD", "muname": "Cecil-Cataula complex, 10 to 15 percent slopes, moderately eroded", "aws025wta": 3.35, "soil_area_m2": 7978.9570631438528 }, "geometry": { "type": "Polygon", "coordinates": [ [ [ -82.522246, 34.331574 ], [ -82.52229, 34.331598 ], [ -82.52224, 34.331697 ], [ -82.522231, 34.331917 ], [ -82.522106, 34.332088 ], [ -82.521852, 34.33235 ], [ -82.521497, 34.332218 ], [ -82.520897, 34.332061 ], [ -82.520751308872249, 34.332035065023312 ], [ -82.521135885452523, 34.331763790352234 ], [ -82.52160539679447, 34.331497354133546 ], [ -82.521665049262822, 34.331467178123162 ], [ -82.521740687173718, 34.331432740012524 ], [ -82.522246, 34.331574 ] ] ] } },
{ "type": "Feature", "properties": { "mukey": "1155022", "musym": "W", "muname": "Water", "aws025wta": null, "soil_area_m2": 1951.948650256516 }, "geometry": { "type": "Polygon", "coordinates": [ [ [ -82.523757, 34.327093 ], [ -82.523848, 34.327132 ], [ -82.523936, 34.327229 ], [ -82.523972, 34.327253 ], [ -82.524032, 34.3273 ], [ -82.524122, 34.327417 ], [ -82.524205, 34.327508 ], [ -82.524217, 34.327558 ], [ -82.524192, 34.327631 ], [ -82.524155, 34.327682 ], [ -82.524138, 34.327688 ], [ -82.524088, 34.327684 ], [ -82.524044, 34.327667 ], [ -82.523903, 34.327561 ], [ -82.523736, 34.327424 ], [ -82.523627, 34.327338 ], [ -82.5236, 34.327299 ], [ -82.523583, 34.327252 ], [ -82.523573, 34.327211 ], [ -82.523595, 34.327143 ], [ -82.523676, 34.327094 ], [ -82.523757, 34.327093 ] ] ] } },
{ "type": "Feature", "properties": { "mukey": "1154986", "musym": "ApC", "muname": "Appling sandy loam, 6 to 10 percent slopes", "aws025wta": 3.47, "soil_area_m2": 38469.161216850785 }, "geometry": { "type": "Polygon", "coordinates": [ [ [ -82.53335, 34.328078 ], [ -82.533125, 34.327728 ], [ -82.53301, 34.327647 ], [ -82.532812, 34.327602 ], [ -82.532762, 34.32761 ], [ -82.532528, 34.32733 ], [ -82.532413, 34.327118 ], [ -82.532411, 34.326653 ], [ -82.532476, 34.32641 ], [ -82.532447, 34.326209 ], [ -82.532324, 34.325926 ], [ -82.532302, 34.325699 ], [ -82.532344, 34.325592 ], [ -82.532358, 34.32541 ], [ -82.532498, 34.325281 ], [ -82.532608, 34.325258 ], [ -82.532899, 34.325287 ], [ -82.533062, 34.325417 ], [ -82.533159, 34.32563 ], [ -82.533161, 34.326098 ], [ -82.533278, 34.326573 ], [ -82.533652, 34.327127 ], [ -82.53381, 34.327249 ], [ -82.534034, 34.32733 ], [ -82.534193, 34.327953 ], [ -82.534314, 34.328086 ], [ -82.534459, 34.328126 ], [ -82.534457, 34.328866 ], [ -82.534426, 34.329063 ], [ -82.534401, 34.329114 ], [ -82.534211, 34.329338 ], [ -82.533883, 34.329285 ], [ -82.533632, 34.329054 ], [ -82.533536, 34.328576 ], [ -82.533447, 34.328285 ], [ -82.53335, 34.328078 ] ] ] } },
{ "type": "Feature", "properties": { "mukey": "1154991", "musym": "CcB", "muname": "Cecil sandy loam, 2 to 6 percent slopes", "aws025wta": 2.95, "soil_area_m2": 118745.61572929527 }, "geometry": { "type": "Polygon", "coordinates": [ [ [ -82.530207, 34.33042 ], [ -82.529613, 34.329843 ], [ -82.529571, 34.329587 ], [ -82.529461, 34.329281 ], [ -82.529475, 34.329126 ], [ -82.529792, 34.328838 ], [ -82.529933, 34.328684 ], [ -82.530312, 34.327972 ], [ -82.530401, 34.327686 ], [ -82.530477, 34.327602 ], [ -82.530632, 34.327501 ], [ -82.530778, 34.327497 ], [ -82.530987, 34.327608 ], [ -82.531074, 34.327692 ], [ -82.531302, 34.328033 ], [ -82.531572, 34.328247 ], [ -82.531726, 34.328301 ], [ -82.531912, 34.328304 ], [ -82.532143, 34.328219 ], [ -82.532475, 34.327995 ], [ -82.532626, 34.327838 ], [ -82.532762, 34.32761 ], [ -82.532812, 34.327602 ], [ -82.53301, 34.327647 ], [ -82.533125, 34.327728 ], [ -82.53335, 34.328078 ], [ -82.533447, 34.328285 ], [ -82.533338, 34.328334 ], [ -82.533261, 34.328422 ], [ -82.533212, 34.32861 ], [ -82.533201, 34.328874 ], [ -82.533114, 34.32894 ], [ -82.532959, 34.328957 ], [ -82.532905, 34.328989 ], [ -82.532668, 34.329227 ], [ -82.532517, 34.329243 ], [ -82.532203, 34.329188 ], [ -82.532026, 34.329022 ], [ -82.531941, 34.328966 ], [ -82.531703, 34.328893 ], [ -82.531521, 34.328916 ], [ -82.531457, 34.328939 ], [ -82.531356, 34.329043 ], [ -82.531338, 34.329157 ], [ -82.531385, 34.329311 ], [ -82.531522, 34.329445 ], [ -82.532078, 34.329763 ], [ -82.532394, 34.329902 ], [ -82.532719, 34.330154 ], [ -82.532804, 34.330287 ], [ -82.532796, 34.330394 ], [ -82.532737, 34.330528 ], [ -82.53256, 34.330709 ], [ -82.532538, 34.330799 ], [ -82.532566, 34.330906 ], [ -82.532627, 34.330971 ], [ -82.532703, 34.330993 ], [ -82.532973, 34.331013 ], [ -82.533115, 34.33104 ], [ -82.533316, 34.331191 ], [ -82.5335, 34.331413 ], [ -82.533637, 34.331764 ], [ -82.533703, 34.332269 ], [ -82.533806, 34.332563 ], [ -82.533824, 34.332713 ], [ -82.533818, 34.332739 ], [ -82.533648, 34.332927 ], [ -82.533562, 34.333269 ], [ -82.533443, 34.33339 ], [ -82.533293, 34.333407 ], [ -82.533177, 34.333142 ], [ -82.533137, 34.332975 ], [ -82.53307, 34.332824 ], [ -82.532931, 34.33259 ], [ -82.532824, 34.332475 ], [ -82.532618, 34.332324 ], [ -82.532183, 34.332271 ], [ -82.532017, 34.332205 ], [ -82.531802, 34.332055 ], [ -82.531546, 34.331834 ], [ -82.531175, 34.331423 ], [ -82.530878, 34.331019 ], [ -82.530526, 34.330626 ], [ -82.530393, 34.330523 ], [ -82.53024, 34.330437 ], [ -82.530207, 34.33042 ] ] ] } },
{ "type": "Feature", "properties": { "mukey": "1154991", "musym": "CcB", "muname": "Cecil sandy loam, 2 to 6 percent slopes", "aws025wta": 2.95, "soil_area_m2": 660850.30396260764 }, "geometry": { "type": "Polygon", "coordinates": [ [ [ -82.523417, 34.327578 ], [ -82.523739, 34.327816 ], [ -82.524163, 34.328166 ], [ -82.524222, 34.328178 ], [ -82.524711, 34.328164 ], [ -82.524826, 34.328173 ], [ -82.524955, 34.32813 ], [ -82.52506, 34.328037 ], [ -82.525141, 34.327841 ], [ -82.525101, 34.327513 ], [ -82.525411, 34.3272 ], [ -82.525486, 34.327142 ], [ -82.525721, 34.327039 ], [ -82.526743, 34.327022 ], [ -82.526886, 34.326925 ], [ -82.526954, 34.326837 ], [ -82.526973, 34.326564 ], [ -82.526925, 34.326411 ], [ -82.526907, 34.32637 ], [ -82.526671, 34.326122 ], [ -82.52651, 34.325858 ], [ -82.526452, 34.325658 ], [ -82.526454, 34.325475 ], [ -82.526538, 34.325261 ], [ -82.526733, 34.325053 ], [ -82.52704, 34.3248 ], [ -82.527217, 34.324574 ], [ -82.527623, 34.323815 ], [ -82.527693, 34.323731 ], [ -82.527917, 34.323536 ], [ -82.528189, 34.323447 ], [ -82.528492, 34.323443 ], [ -82.529031, 34.323507 ], [ -82.529272, 34.323499 ], [ -82.529395, 34.323652 ], [ -82.529867, 34.323904 ], [ -82.530169, 34.324136 ], [ -82.530083, 34.324167 ], [ -82.529865, 34.324453 ], [ -82.529697, 34.324769 ], [ -82.529651, 34.324894 ], [ -82.529476, 34.325084 ], [ -82.529052, 34.325332 ], [ -82.528538, 34.32555 ], [ -82.528383, 34.32568 ], [ -82.528351, 34.325737 ], [ -82.528309, 34.326134 ], [ -82.528409, 34.326616 ], [ -82.528536, 34.326925 ], [ -82.528566, 34.327104 ], [ -82.528565, 34.327233 ], [ -82.52848, 34.327454 ], [ -82.528427, 34.327521 ], [ -82.528222, 34.327709 ], [ -82.528153, 34.327741 ], [ -82.527969, 34.327868 ], [ -82.52778, 34.327921 ], [ -82.527616, 34.327914 ], [ -82.527355, 34.327828 ], [ -82.527002, 34.327779 ], [ -82.526558, 34.327812 ], [ -82.526313, 34.327878 ], [ -82.526126, 34.327969 ], [ -82.525805, 34.328283 ], [ -82.525594, 34.328644 ], [ -82.52555, 34.328915 ], [ -82.525568, 34.329042 ], [ -82.525611, 34.329134 ], [ -82.525702, 34.329215 ], [ -82.526308, 34.329598 ], [ -82.526496, 34.329781 ], [ -82.526617, 34.32997 ], [ -82.526675, 34.33017 ], [ -82.526685, 34.330402 ], [ -82.526642, 34.330537 ], [ -82.526514, 34.330769 ], [ -82.526507, 34.330866 ], [ -82.526524, 34.331065 ], [ -82.526597, 34.33114 ], [ -82.526712, 34.331183 ], [ -82.526847, 34.331177 ], [ -82.526901, 34.331162 ], [ -82.527174, 34.330914 ], [ -82.527282, 34.330729 ], [ -82.527453, 34.330533 ], [ -82.527685, 34.330366 ], [ -82.528141, 34.330191 ], [ -82.528161, 34.330138 ], [ -82.528371, 34.330199 ], [ -82.528945, 34.330284 ], [ -82.529201, 34.330364 ], [ -82.529517, 34.330544 ], [ -82.52959, 34.330666 ], [ -82.529677, 34.331015 ], [ -82.529801, 34.331257 ], [ -82.529895, 34.331382 ], [ -82.53029, 34.331793 ], [ -82.530589, 34.332213 ], [ -82.530703, 34.332483 ], [ -82.530655, 34.332655 ], [ -82.530508, 34.332823 ], [ -82.530286, 34.33291 ], [ -82.529915, 34.332995 ], [ -82.529883, 34.333044 ], [ -82.529887, 34.333086 ], [ -82.529917, 34.333118 ], [ -82.530236, 34.333246 ], [ -82.531452, 34.333459 ], [ -82.531732, 34.333581 ], [ -82.531921, 34.333716 ], [ -82.532049, 34.333765 ], [ -82.532298, 34.33377 ], [ -82.532532, 34.333725 ], [ -82.532548, 34.333749 ], [ -82.532823, 34.333902 ], [ -82.533679, 34.334185 ], [ -82.534439, 34.334266 ], [ -82.534563, 34.334314 ], [ -82.534605, 34.334348 ], [ -82.534671, 34.334495 ], [ -82.534675, 34.334808 ], [ -82.534739, 34.334959 ], [ -82.534903, 34.33512 ], [ -82.535098, 34.335233 ], [ -82.535254, 34.335439 ], [ -82.535281, 34.335574 ], [ -82.535288, 34.335891 ], [ -82.535409, 34.336066 ], [ -82.535362, 34.336136 ], [ -82.535288, 34.33636 ], [ -82.535364, 34.336929 ], [ -82.53535, 34.337245 ], [ -82.535331, 34.337285 ], [ -82.535157, 34.337459 ], [ -82.534956, 34.337568 ], [ -82.534906, 34.337576 ], [ -82.53459, 34.337717 ], [ -82.534112, 34.33782 ], [ -82.533943, 34.337884 ], [ -82.533408, 34.33812 ], [ -82.533082, 34.33836 ], [ -82.532836, 34.338435 ], [ -82.532616, 34.338453 ], [ -82.532445, 34.338418 ], [ -82.53239, 34.338386 ], [ -82.532157, 34.338144 ], [ -82.531953, 34.33782 ], [ -82.53172, 34.337498 ], [ -82.531552, 34.337379 ], [ -82.531447, 34.337342 ], [ -82.531387, 34.337302 ], [ -82.5314, 34.337257 ], [ -82.531367, 34.336935 ], [ -82.531489, 34.336208 ], [ -82.531503, 34.33604 ], [ -82.531433, 34.335904 ], [ -82.531385, 34.33585 ], [ -82.531274, 34.335799 ], [ -82.530961, 34.335721 ], [ -82.530695, 34.335725 ], [ -82.530485, 34.335749 ], [ -82.530401, 34.335803 ], [ -82.53022, 34.335844 ], [ -82.529967, 34.335852 ], [ -82.529784, 34.33577 ], [ -82.529522, 34.33552 ], [ -82.529467, 34.335485 ], [ -82.529183, 34.335479 ], [ -82.529078, 34.335521 ], [ -82.529028, 34.335557 ], [ -82.528828, 34.335848 ], [ -82.528707, 34.335896 ], [ -82.528599, 34.335902 ], [ -82.528139, 34.335665 ], [ -82.527889, 34.335453 ], [ -82.527823, 34.335429 ], [ -82.527659, 34.335425 ], [ -82.527502, 34.335469 ], [ -82.527423, 34.335592 ], [ -82.52743, 34.335735 ], [ -82.527461, 34.335827 ], [ -82.527481, 34.335991 ], [ -82.527477, 34.336051 ], [ -82.527421, 34.336102 ], [ -82.527275, 34.336137 ], [ -82.526814, 34.336092 ], [ -82.526603, 34.3361 ], [ -82.526352, 34.336239 ], [ -82.525911, 34.336213 ], [ -82.52565, 34.336327 ], [ -82.525528, 34.336344 ], [ -82.525167, 34.336364 ], [ -82.524595, 34.336269 ], [ -82.524217, 34.336282 ], [ -82.524165, 34.336311 ], [ -82.523945, 34.336179 ], [ -82.523557, 34.336029 ], [ -82.523492, 34.335973 ], [ -82.523433, 34.335874 ], [ -82.523411, 34.335727 ], [ -82.52346, 34.335604 ], [ -82.523518, 34.335551 ], [ -82.523875, 34.335382 ], [ -82.524148, 34.335337 ], [ -82.524609, 34.33534 ], [ -82.524675, 34.335267 ], [ -82.524665, 34.335217 ], [ -82.524476, 34.335047 ], [ -82.524203, 34.334874 ], [ -82.523885, 34.334604 ], [ -82.523711, 34.334424 ], [ -82.523461, 34.33406 ], [ -82.52331, 34.33392 ], [ -82.52301, 34.333715 ], [ -82.522919, 34.3336 ], [ -82.522993, 34.333475 ], [ -82.523171, 34.333501 ], [ -82.523575, 34.333628 ], [ -82.524512, 34.334015 ], [ -82.524904, 34.334062 ], [ -82.525203, 34.334055 ], [ -82.525457, 34.333876 ], [ -82.525848, 34.333394 ], [ -82.526046, 34.332886 ], [ -82.526044, 34.332692 ], [ -82.525968, 34.332543 ], [ -82.525792, 34.332368 ], [ -82.52543, 34.332201 ], [ -82.525189, 34.332191 ], [ -82.524935, 34.332243 ], [ -82.524815, 34.332124 ], [ -82.524323, 34.331761 ], [ -82.524, 34.331612 ], [ -82.523928, 34.331559 ], [ -82.523726, 34.331388 ], [ -82.523695, 34.331251 ], [ -82.523696, 34.33114 ], [ -82.523754, 34.331023 ], [ -82.523987, 34.330777 ], [ -82.52402, 34.330773 ], [ -82.52427, 34.33065 ], [ -82.524692, 34.330505 ], [ -82.524825, 34.330389 ], [ -82.524867, 34.330336 ], [ -82.524869, 34.330196 ], [ -82.524775, 34.330073 ], [ -82.524696, 34.329989 ], [ -82.524608, 34.329943 ], [ -82.524292, 34.329834 ], [ -82.524115, 34.329799 ], [ -82.523684, 34.329759 ], [ -82.523254, 34.329777 ], [ -82.523215554433889, 34.329776248066779 ], [ -82.523192537215024, 34.329387100187319 ], [ -82.523192555999898, 34.329117605154892 ], [ -82.52320647659289, 34.328889464506943 ], [ -82.523417, 34.328713 ], [ -82.523502, 34.328585 ], [ -82.523498, 34.328552 ], [ -82.523381, 34.328418 ], [ -82.523270756627056, 34.328388924863965 ], [ -82.523302264893815, 34.328217840768509 ], [ -82.523297026104572, 34.32820048590856 ], [ -82.523218808255223, 34.327762865380954 ], [ -82.523203617790998, 34.327506057177288 ], [ -82.523417, 34.327578 ] ] ] } },
{ "type": "Feature", "properties": { "mukey": "1155004", "musym": "HeB", "muname": "Helena sandy loam, 2 to 6 percent slopes", "aws025wta": 3.05, "soil_area_m2": 54744.283432302465 }, "geometry": { "type": "Polygon", "coordinates": [ [ [ -82.528088, 34.329993 ], [ -82.527786, 34.329669 ], [ -82.527464, 34.329507 ], [ -82.527354, 34.329475 ], [ -82.527024, 34.329239 ], [ -82.526889, 34.329096 ], [ -82.526873, 34.329043 ], [ -82.526877, 34.328926 ], [ -82.526968, 34.328801 ], [ -82.527019, 34.328773 ], [ -82.527216, 34.328743 ], [ -82.527726, 34.328699 ], [ -82.527959, 34.328761 ], [ -82.528198, 34.328948 ], [ -82.528379, 34.329194 ], [ -82.52875, 34.329557 ], [ -82.529231, 34.329775 ], [ -82.529613, 34.329843 ], [ -82.530207, 34.33042 ], [ -82.53024, 34.330437 ], [ -82.530198, 34.33055 ], [ -82.530197, 34.330737 ], [ -82.530252, 34.330887 ], [ -82.530393, 34.331156 ], [ -82.53048, 34.331286 ], [ -82.530647, 34.331469 ], [ -82.530826, 34.331741 ], [ -82.531253, 34.332184 ], [ -82.531419, 34.332333 ], [ -82.531502, 34.33244 ], [ -82.531823, 34.332761 ], [ -82.532018, 34.333046 ], [ -82.53232, 34.33338 ], [ -82.532532, 34.333725 ], [ -82.532298, 34.33377 ], [ -82.532049, 34.333765 ], [ -82.531921, 34.333716 ], [ -82.531732, 34.333581 ], [ -82.531452, 34.333459 ], [ -82.530236, 34.333246 ], [ -82.529917, 34.333118 ], [ -82.529887, 34.333086 ], [ -82.529883, 34.333044 ], [ -82.529915, 34.332995 ], [ -82.530286, 34.33291 ], [ -82.530508, 34.332823 ], [ -82.530655, 34.332655 ], [ -82.530703, 34.332483 ], [ -82.530589, 34.332213 ], [ -82.53029, 34.331793 ], [ -82.529895, 34.331382 ], [ -82.529801, 34.331257 ], [ -82.529677, 34.331015 ], [ -82.52959, 34.330666 ], [ -82.529517, 34.330544 ], [ -82.529201, 34.330364 ], [ -82.528945, 34.330284 ], [ -82.528371, 34.330199 ], [ -82.528161, 34.330138 ], [ -82.528088, 34.329993 ] ] ] } },
{ "type": "Feature", "properties": { "mukey": "1155004", "musym": "HeB", "muname": "Helena sandy loam, 2 to 6 percent slopes", "aws025wta": 3.05, "soil_area_m2": 57644.759641628865 }, "geometry": { "type": "Polygon", "coordinates": [ [ [ -82.522949, 34.333225 ], [ -82.522849, 34.333055 ], [ -82.522536, 34.332777 ], [ -82.521922, 34.332376 ], [ -82.521852, 34.33235 ], [ -82.522106, 34.332088 ], [ -82.522231, 34.331917 ], [ -82.52224, 34.331697 ], [ -82.52229, 34.331598 ], [ -82.522347, 34.33163 ], [ -82.522474, 34.331644 ], [ -82.522589, 34.331676 ], [ -82.522886, 34.331791 ], [ -82.523541, 34.332146 ], [ -82.524148, 34.332344 ], [ -82.524433, 34.33236 ], [ -82.524744, 34.332324 ], [ -82.524935, 34.332243 ], [ -82.525189, 34.332191 ], [ -82.52543, 34.332201 ], [ -82.525792, 34.332368 ], [ -82.525968, 34.332543 ], [ -82.526044, 34.332692 ], [ -82.526046, 34.332886 ], [ -82.525848, 34.333394 ], [ -82.525457, 34.333876 ], [ -82.525203, 34.334055 ], [ -82.524904, 34.334062 ], [ -82.524512, 34.334015 ], [ -82.523575, 34.333628 ], [ -82.523171, 34.333501 ], [ -82.522993, 34.333475 ], [ -82.522949, 34.333225 ] ] ] } },
{ "type": "Feature", "properties": { "mukey": "1155022", "musym": "W", "muname": "Water", "aws025wta": null, "soil_area_m2": 3421.3006543698348 }, "geometry": { "type": "Polygon", "coordinates": [ [ [ -82.534441, 34.332286 ], [ -82.534531, 34.332309 ], [ -82.534591, 34.332423 ], [ -82.534591, 34.332473 ], [ -82.534682, 34.332583 ], [ -82.534746, 34.332702 ], [ -82.534799, 34.332986 ], [ -82.534846, 34.333035 ], [ -82.534911, 34.333153 ], [ -82.534904, 34.333216 ], [ -82.534835, 34.333264 ], [ -82.534692, 34.333288 ], [ -82.534457, 34.333278 ], [ -82.53433, 34.333256 ], [ -82.53432, 34.333249 ], [ -82.534303, 34.333213 ], [ -82.534291, 34.33319 ], [ -82.534314, 34.333161 ], [ -82.53437, 34.33311 ], [ -82.534392, 34.333055 ], [ -82.534411, 34.332971 ], [ -82.534395, 34.332898 ], [ -82.534402, 34.332819 ], [ -82.534424, 34.332732 ], [ -82.534474, 34.332631 ], [ -82.534484, 34.332565 ], [ -82.534442, 34.332494 ], [ -82.534377, 34.332392 ], [ -82.534376, 34.332318 ], [ -82.534441, 34.332286 ] ] ] } },
{ "type": "Feature", "properties": { "mukey": "1154986", "musym": "ApC", "muname": "Appling sandy loam, 6 to 10 percent slopes", "aws025wta": 3.47, "soil_area_m2": 184562.51037152018 }, "geometry": { "type": "Polygon", "coordinates": [ [ [ -82.529407, 34.339955 ], [ -82.529445, 34.339838 ], [ -82.529536, 34.339758 ], [ -82.529766, 34.339678 ], [ -82.529931, 34.33958 ], [ -82.530099, 34.339392 ], [ -82.530129, 34.339195 ], [ -82.53, 34.339015 ], [ -82.52982, 34.33891 ], [ -82.529628, 34.338856 ], [ -82.529219, 34.338801 ], [ -82.528937, 34.338729 ], [ -82.528678, 34.338683 ], [ -82.528217, 34.338469 ], [ -82.527931, 34.33827 ], [ -82.527915, 34.338233 ], [ -82.527933, 34.338112 ], [ -82.527961, 34.338084 ], [ -82.52813, 34.33807 ], [ -82.528395, 34.338108 ], [ -82.528709, 34.338239 ], [ -82.529004, 34.338271 ], [ -82.529358, 34.33827 ], [ -82.529475, 34.338257 ], [ -82.529646, 34.338132 ], [ -82.529664, 34.337999 ], [ -82.5296, 34.337927 ], [ -82.529473, 34.337866 ], [ -82.529126, 34.337816 ], [ -82.528963, 34.337759 ], [ -82.528245, 34.33766 ], [ -82.527898, 34.337644 ], [ -82.527683, 34.337691 ], [ -82.527445, 34.337826 ], [ -82.52724, 34.338019 ], [ -82.527131, 34.338237 ], [ -82.527125, 34.338495 ], [ -82.527153, 34.338576 ], [ -82.527272, 34.338769 ], [ -82.527306, 34.339027 ], [ -82.527264, 34.339102 ], [ -82.527139, 34.339166 ], [ -82.526945, 34.339164 ], [ -82.526512, 34.339033 ], [ -82.525901, 34.339066 ], [ -82.525564, 34.339051 ], [ -82.525365, 34.338942 ], [ -82.525143, 34.338729 ], [ -82.52495, 34.338642 ], [ -82.524726, 34.338584 ], [ -82.524465, 34.338553 ], [ -82.524375, 34.338485 ], [ -82.524266, 34.338362 ], [ -82.524268, 34.338229 ], [ -82.524314, 34.338164 ], [ -82.524423, 34.338096 ], [ -82.524586, 34.338033 ], [ -82.524758, 34.338019 ], [ -82.525181, 34.338076 ], [ -82.525403, 34.33818 ], [ -82.525556, 34.338201 ], [ -82.525792, 34.338174 ], [ -82.526058, 34.338005 ], [ -82.52615, 34.337872 ], [ -82.526171, 34.337761 ], [ -82.526138, 34.337516 ], [ -82.525966, 34.337368 ], [ -82.525911, 34.337338 ], [ -82.525542, 34.337235 ], [ -82.524653, 34.337061 ], [ -82.522937, 34.336965 ], [ -82.522881, 34.336886 ], [ -82.522891, 34.336831 ], [ -82.523055, 34.336735 ], [ -82.523304, 34.336642 ], [ -82.5234, 34.336622 ], [ -82.524165, 34.336311 ], [ -82.524217, 34.336282 ], [ -82.524595, 34.336269 ], [ -82.525167, 34.336364 ], [ -82.525528, 34.336344 ], [ -82.52565, 34.336327 ], [ -82.525911, 34.336213 ], [ -82.526352, 34.336239 ], [ -82.526603, 34.3361 ], [ -82.526814, 34.336092 ], [ -82.527275, 34.336137 ], [ -82.527421, 34.336102 ], [ -82.527477, 34.336051 ], [ -82.527481, 34.335991 ], [ -82.527461, 34.335827 ], [ -82.52743, 34.335735 ], [ -82.527423, 34.335592 ], [ -82.527502, 34.335469 ], [ -82.527659, 34.335425 ], [ -82.527823, 34.335429 ], [ -82.527889, 34.335453 ], [ -82.528139, 34.335665 ], [ -82.528599, 34.335902 ], [ -82.528707, 34.335896 ], [ -82.528828, 34.335848 ], [ -82.529028, 34.335557 ], [ -82.529078, 34.335521 ], [ -82.529183, 34.335479 ], [ -82.529467, 34.335485 ], [ -82.529522, 34.33552 ], [ -82.529784, 34.33577 ], [ -82.529967, 34.335852 ], [ -82.53022, 34.335844 ], [ -82.530401, 34.335803 ], [ -82.530485, 34.335749 ], [ -82.530695, 34.335725 ], [ -82.530961, 34.335721 ], [ -82.531274, 34.335799 ], [ -82.531385, 34.33585 ], [ -82.531433, 34.335904 ], [ -82.531503, 34.33604 ], [ -82.531489, 34.336208 ], [ -82.531367, 34.336935 ], [ -82.5314, 34.337257 ], [ -82.531387, 34.337302 ], [ -82.531084, 34.33733 ], [ -82.530816, 34.337429 ], [ -82.530729, 34.337507 ], [ -82.530681, 34.337649 ], [ -82.53064, 34.337713 ], [ -82.530572, 34.337741 ], [ -82.530324, 34.337785 ], [ -82.530193, 34.33785 ], [ -82.530076, 34.338074 ], [ -82.53009, 34.338176 ], [ -82.530395, 34.338439 ], [ -82.530796, 34.338576 ], [ -82.531042, 34.338788 ], [ -82.531239, 34.339145 ], [ -82.531281, 34.339332 ], [ -82.531282, 34.339457 ], [ -82.531122, 34.339824 ], [ -82.530933, 34.339768 ], [ -82.530802, 34.339751 ], [ -82.530495, 34.339739 ], [ -82.530331, 34.339767 ], [ -82.530096, 34.339856 ], [ -82.529742, 34.340124 ], [ -82.529609, 34.3401 ], [ -82.529463, 34.340052 ], [ -82.529407, 34.339955 ] ] ] } },
{ "type": "Feature", "properties": { "mukey": "1154992", "musym": "CcC", "muname": "Cecil sandy loam, 6 to 10 percent slopes", "aws025wta": 2.99, "soil_area_m2": 79766.969545408661 }, "geometry": { "type": "Polygon", "coordinates": [ [ [ -82.536156, 34.336815 ], [ -82.536158, 34.336919 ], [ -82.536176, 34.33697 ], [ -82.536212, 34.33699 ], [ -82.53628, 34.336989 ], [ -82.536384, 34.336977 ], [ -82.536471, 34.33708 ], [ -82.536598, 34.337465 ], [ -82.536606, 34.337632 ], [ -82.536554, 34.337759 ], [ -82.536413, 34.337906 ], [ -82.5361, 34.338084 ], [ -82.535711, 34.338244 ], [ -82.534989, 34.338435 ], [ -82.534544, 34.338651 ], [ -82.534409, 34.338684 ], [ -82.533622, 34.338703 ], [ -82.53349, 34.338723 ], [ -82.53333, 34.338773 ], [ -82.533042, 34.338953 ], [ -82.532699, 34.33936 ], [ -82.532564, 34.339483 ], [ -82.532139, 34.339685 ], [ -82.531431, 34.339893 ], [ -82.531249, 34.33988 ], [ -82.531122, 34.339824 ], [ -82.531282, 34.339457 ], [ -82.531281, 34.339332 ], [ -82.531239, 34.339145 ], [ -82.531042, 34.338788 ], [ -82.530796, 34.338576 ], [ -82.530395, 34.338439 ], [ -82.53009, 34.338176 ], [ -82.530076, 34.338074 ], [ -82.530193, 34.33785 ], [ -82.530324, 34.337785 ], [ -82.530572, 34.337741 ], [ -82.53064, 34.337713 ], [ -82.530681, 34.337649 ], [ -82.530729, 34.337507 ], [ -82.530816, 34.337429 ], [ -82.531084, 34.33733 ], [ -82.531387, 34.337302 ], [ -82.531447, 34.337342 ], [ -82.531552, 34.337379 ], [ -82.53172, 34.337498 ], [ -82.531953, 34.33782 ], [ -82.532157, 34.338144 ], [ -82.53239, 34.338386 ], [ -82.532445, 34.338418 ], [ -82.532616, 34.338453 ], [ -82.532836, 34.338435 ], [ -82.533082, 34.33836 ], [ -82.533408, 34.33812 ], [ -82.533943, 34.337884 ], [ -82.534112, 34.33782 ], [ -82.53459, 34.337717 ], [ -82.534906, 34.337576 ], [ -82.534956, 34.337568 ], [ -82.535157, 34.337459 ], [ -82.535331, 34.337285 ], [ -82.53535, 34.337245 ], [ -82.535364, 34.336929 ], [ -82.535288, 34.33636 ], [ -82.535362, 34.336136 ], [ -82.535409, 34.336066 ], [ -82.535455, 34.336114 ], [ -82.535642, 34.336241 ], [ -82.536156, 34.336712 ], [ -82.536156, 34.336815 ] ] ] } },
{ "type": "Feature", "properties": { "mukey": "1154991", "musym": "CcB", "muname": "Cecil sandy loam, 2 to 6 percent slopes", "aws025wta": 2.95, "soil_area_m2": 27718.426171114606 }, "geometry": { "type": "Polygon", "coordinates": [ [ [ -82.534011, 34.340164 ], [ -82.534213, 34.340163 ], [ -82.534512, 34.340322 ], [ -82.534726, 34.340387 ], [ -82.534968, 34.340407 ], [ -82.535021, 34.3404 ], [ -82.535131, 34.340318 ], [ -82.535264, 34.340108 ], [ -82.535455, 34.339916 ], [ -82.53555, 34.339892 ], [ -82.535678, 34.339806 ], [ -82.53635, 34.339283 ], [ -82.536693, 34.339088 ], [ -82.536775, 34.339068 ], [ -82.536888, 34.339072 ], [ -82.537052, 34.3391 ], [ -82.537376, 34.339503 ], [ -82.537463, 34.339592 ], [ -82.537572, 34.339649 ], [ -82.536045005765629, 34.340621382788399 ], [ -82.535975126867825, 34.340635903288124 ], [ -82.535447562058181, 34.340700824988346 ], [ -82.534914865648403, 34.340722538774351 ], [ -82.534844893605708, 34.340722539443838 ], [ -82.534722140383124, 34.341125918096438 ], [ -82.534677269489293, 34.341229103064528 ], [ -82.534548, 34.341102 ], [ -82.534187, 34.340859 ], [ -82.534017, 34.340445 ], [ -82.533888, 34.340279 ], [ -82.534011, 34.340164 ] ] ] } },
{ "type": "Feature", "properties": { "mukey": "1154992", "musym": "CcC", "muname": "Cecil sandy loam, 6 to 10 percent slopes", "aws025wta": 2.99, "soil_area_m2": 44265.142362251514 }, "geometry": { "type": "MultiPolygon", "coordinates": [ [ [ [ -82.520897, 34.332061 ], [ -82.521497, 34.332218 ], [ -82.521852, 34.33235 ], [ -82.521922, 34.332376 ], [ -82.522536, 34.332777 ], [ -82.522849, 34.333055 ], [ -82.522949, 34.333225 ], [ -82.522993, 34.333475 ], [ -82.522919, 34.3336 ], [ -82.522764, 34.333624 ], [ -82.522647, 34.33362 ], [ -82.522549, 34.333593 ], [ -82.522246, 34.333354 ], [ -82.521945, 34.333001 ], [ -82.521722, 34.332876 ], [ -82.52146, 34.332797 ], [ -82.520818, 34.332826 ], [ -82.520668, 34.332809 ], [ -82.520120197559109, 34.332615395758936 ], [ -82.520310040322187, 34.332411079256993 ], [ -82.520702517086974, 34.332069481823972 ], [ -82.520751308872249, 34.332035065023312 ], [ -82.520897, 34.332061 ] ] ], [ [ [ -82.519175, 34.335068 ], [ -82.519213, 34.335122 ], [ -82.519423, 34.335251 ], [ -82.520204, 34.335564 ], [ -82.520264, 34.335602 ], [ -82.520345, 34.335757 ], [ -82.520377, 34.336021 ], [ -82.520587, 34.336204 ], [ -82.520873, 34.336382 ], [ -82.520885, 34.336465 ], [ -82.520839, 34.336558 ], [ -82.520772, 34.336602 ], [ -82.520648, 34.33663 ], [ -82.520298, 34.336618 ], [ -82.519947, 34.33669 ], [ -82.519913, 34.336701 ], [ -82.519615, 34.336626 ], [ -82.519322, 34.336624 ], [ -82.519167, 34.336669 ], [ -82.518952, 34.336797 ], [ -82.518903, 34.336838 ], [ -82.518765, 34.337029 ], [ -82.518579, 34.337017 ], [ -82.518529245165965, 34.336970048271148 ], [ -82.518546988404339, 34.336670763910966 ], [ -82.518625270002346, 34.3362331489014 ], [ -82.518754881812811, 34.335804005986191 ], [ -82.518805955471692, 34.335685614949476 ], [ -82.518819889883389, 34.33547575652743 ], [ -82.51885036856234, 34.335234203998148 ], [ -82.518925882855754, 34.334827222395049 ], [ -82.519175, 34.335068 ] ] ] ] } },
{ "type": "Feature", "properties": { "mukey": "1154991", "musym": "CcB", "muname": "Cecil sandy loam, 2 to 6 percent slopes", "aws025wta": 2.95, "soil_area_m2": 19693.654121492342 }, "geometry": { "type": "Polygon", "coordinates": [ [ [ -82.518579, 34.337017 ], [ -82.518765, 34.337029 ], [ -82.518903, 34.336838 ], [ -82.518952, 34.336797 ], [ -82.519167, 34.336669 ], [ -82.519322, 34.336624 ], [ -82.519615, 34.336626 ], [ -82.519913, 34.336701 ], [ -82.519947, 34.33669 ], [ -82.519935, 34.336965 ], [ -82.51997, 34.337017 ], [ -82.520227, 34.337069 ], [ -82.520348, 34.337142 ], [ -82.520381, 34.337191 ], [ -82.520375, 34.337303 ], [ -82.520212, 34.337409 ], [ -82.520121, 34.337447 ], [ -82.519435, 34.337533 ], [ -82.519304, 34.337588 ], [ -82.519133, 34.337749 ], [ -82.51905, 34.337951 ], [ -82.519028, 34.338046 ], [ -82.519, 34.33842 ], [ -82.518937, 34.33866 ], [ -82.518873, 34.338767 ], [ -82.518685, 34.338864 ], [ -82.51854, 34.338874 ], [ -82.518389, 34.338797 ], [ -82.51838777145376, 34.338793614683489 ], [ -82.518395376188636, 34.338768436518556 ], [ -82.518575077137584, 34.33835189805167 ], [ -82.518576580028451, 34.338349262538436 ], [ -82.518547295122659, 34.338186701296003 ], [ -82.518520752193297, 34.337741457795957 ], [ -82.518520791707004, 34.337112636618365 ], [ -82.518529245165965, 34.336970048271148 ], [ -82.518579, 34.337017 ] ] ] } },
{ "type": "Feature", "properties": { "mukey": "1155004", "musym": "HeB", "muname": "Helena sandy loam, 2 to 6 percent slopes", "aws025wta": 3.05, "soil_area_m2": 16238.074364532398 }, "geometry": { "type": "Polygon", "coordinates": [ [ [ -82.518794, 34.339275 ], [ -82.51932, 34.339451 ], [ -82.519673, 34.339455 ], [ -82.519878, 34.339438 ], [ -82.520221, 34.339495 ], [ -82.520358, 34.339572 ], [ -82.520435, 34.339763 ], [ -82.520438, 34.339858 ], [ -82.520418, 34.339902 ], [ -82.520298, 34.340007 ], [ -82.520252, 34.340029 ], [ -82.519822, 34.340094 ], [ -82.519502, 34.340094 ], [ -82.519109, 34.340142 ], [ -82.518831, 34.340132 ], [ -82.518161270386898, 34.340137484276191 ], [ -82.518161274307701, 34.340077069074518 ], [ -82.518187472892848, 34.339635195623195 ], [ -82.518265491938351, 34.339199069655962 ], [ -82.518794, 34.339275 ] ] ] } },
{ "type": "Feature", "properties": { "mukey": "1154985", "musym": "ApB", "muname": "Appling sandy loam, 2 to 6 percent slopes", "aws025wta": 3.5, "soil_area_m2": 786553.028392112 }, "geometry": { "type": "Polygon", "coordinates": [ [ [ -82.516546, 34.348491 ], [ -82.516544, 34.348458 ], [ -82.516474, 34.348272 ], [ -82.516465440048918, 34.348266167121757 ], [ -82.516453956617752, 34.348072087344519 ], [ -82.516453973256418, 34.34780259257407 ], [ -82.516454014352163, 34.347173758036497 ], [ -82.516480215327135, 34.346731885596085 ], [ -82.516558507494338, 34.346294270944831 ], [ -82.516688136062754, 34.34586512847941 ], [ -82.516867851900059, 34.345448590942105 ], [ -82.517095923590716, 34.345048669625541 ], [ -82.517370154135648, 34.344669215749278 ], [ -82.517687902131257, 34.34431388337979 ], [ -82.51804610722337, 34.34398609425083 ], [ -82.518441319590352, 34.343689004822359 ], [ -82.518818985219625, 34.343456692511637 ], [ -82.518855765231493, 34.34341556156469 ], [ -82.518960925243192, 34.343319330624368 ], [ -82.51880283414782, 34.343100528747925 ], [ -82.518574816411515, 34.342700589989967 ], [ -82.518395158641681, 34.342284038338818 ], [ -82.518265590416803, 34.341854885631321 ], [ -82.518187358833501, 34.341417265006456 ], [ -82.518161216523808, 34.340975391094481 ], [ -82.518161233580273, 34.340705895710663 ], [ -82.518161270386898, 34.340137484276191 ], [ -82.518831, 34.340132 ], [ -82.519109, 34.340142 ], [ -82.519502, 34.340094 ], [ -82.519822, 34.340094 ], [ -82.520252, 34.340029 ], [ -82.520298, 34.340007 ], [ -82.520418, 34.339902 ], [ -82.520438, 34.339858 ], [ -82.520435, 34.339763 ], [ -82.520358, 34.339572 ], [ -82.520221, 34.339495 ], [ -82.519878, 34.339438 ], [ -82.519673, 34.339455 ], [ -82.51932, 34.339451 ], [ -82.518794, 34.339275 ], [ -82.518265491938351, 34.339199069655962 ], [ -82.518265758429649, 34.339197579964321 ], [ -82.51838777145376, 34.338793614683489 ], [ -82.518389, 34.338797 ], [ -82.51854, 34.338874 ], [ -82.518685, 34.338864 ], [ -82.518873, 34.338767 ], [ -82.518937, 34.33866 ], [ -82.519, 34.33842 ], [ -82.519028, 34.338046 ], [ -82.51905, 34.337951 ], [ -82.519133, 34.337749 ], [ -82.519304, 34.337588 ], [ -82.519435, 34.337533 ], [ -82.520121, 34.337447 ], [ -82.520212, 34.337409 ], [ -82.520375, 34.337303 ], [ -82.520381, 34.337191 ], [ -82.520348, 34.337142 ], [ -82.520227, 34.337069 ], [ -82.51997, 34.337017 ], [ -82.519935, 34.336965 ], [ -82.519947, 34.33669 ], [ -82.520298, 34.336618 ], [ -82.520648, 34.33663 ], [ -82.520772, 34.336602 ], [ -82.520839, 34.336558 ], [ -82.520885, 34.336465 ], [ -82.520873, 34.336382 ], [ -82.520587, 34.336204 ], [ -82.520377, 34.336021 ], [ -82.520345, 34.335757 ], [ -82.520264, 34.335602 ], [ -82.520204, 34.335564 ], [ -82.519423, 34.335251 ], [ -82.519213, 34.335122 ], [ -82.519175, 34.335068 ], [ -82.518925882855754, 34.334827222395049 ], [ -82.518930417097806, 34.334802785144461 ], [ -82.519060385500765, 34.334379810514363 ], [ -82.519239054603048, 34.333969245391032 ], [ -82.519418450419423, 34.333612162483512 ], [ -82.519664469598581, 34.333186668583629 ], [ -82.519962755909802, 34.332784839909444 ], [ -82.520120197559109, 34.332615395758936 ], [ -82.520668, 34.332809 ], [ -82.520818, 34.332826 ], [ -82.52146, 34.332797 ], [ -82.521722, 34.332876 ], [ -82.521945, 34.333001 ], [ -82.522246, 34.333354 ], [ -82.522549, 34.333593 ], [ -82.522647, 34.33362 ], [ -82.522764, 34.333624 ], [ -82.522919, 34.3336 ], [ -82.52301, 34.333715 ], [ -82.52331, 34.33392 ], [ -82.523461, 34.33406 ], [ -82.523711, 34.334424 ], [ -82.523885, 34.334604 ], [ -82.524203, 34.334874 ], [ -82.524476, 34.335047 ], [ -82.524665, 34.335217 ], [ -82.524675, 34.335267 ], [ -82.524609, 34.33534 ], [ -82.524148, 34.335337 ], [ -82.523875, 34.335382 ], [ -82.523518, 34.335551 ], [ -82.52346, 34.335604 ], [ -82.523411, 34.335727 ], [ -82.523433, 34.335874 ], [ -82.523492, 34.335973 ], [ -82.523557, 34.336029 ], [ -82.523945, 34.336179 ], [ -82.524165, 34.336311 ], [ -82.5234, 34.336622 ], [ -82.523304, 34.336642 ], [ -82.523055, 34.336735 ], [ -82.522891, 34.336831 ], [ -82.522881, 34.336886 ], [ -82.522937, 34.336965 ], [ -82.524653, 34.337061 ], [ -82.525542, 34.337235 ], [ -82.525911, 34.337338 ], [ -82.525966, 34.337368 ], [ -82.526138, 34.337516 ], [ -82.526171, 34.337761 ], [ -82.52615, 34.337872 ], [ -82.526058, 34.338005 ], [ -82.525792, 34.338174 ], [ -82.525556, 34.338201 ], [ -82.525403, 34.33818 ], [ -82.525181, 34.338076 ], [ -82.524758, 34.338019 ], [ -82.524586, 34.338033 ], [ -82.524423, 34.338096 ], [ -82.524314, 34.338164 ], [ -82.524268, 34.338229 ], [ -82.524266, 34.338362 ], [ -82.524375, 34.338485 ], [ -82.524465, 34.338553 ], [ -82.524726, 34.338584 ], [ -82.52495, 34.338642 ], [ -82.525143, 34.338729 ], [ -82.525365, 34.338942 ], [ -82.525564, 34.339051 ], [ -82.525901, 34.339066 ], [ -82.526512, 34.339033 ], [ -82.526945, 34.339164 ], [ -82.527139, 34.339166 ], [ -82.527264, 34.339102 ], [ -82.527306, 34.339027 ], [ -82.527272, 34.338769 ], [ -82.527153, 34.338576 ], [ -82.527125, 34.338495 ], [ -82.527131, 34.338237 ], [ -82.52724, 34.338019 ], [ -82.527445, 34.337826 ], [ -82.527683, 34.337691 ], [ -82.527898, 34.337644 ], [ -82.528245, 34.33766 ], [ -82.528963, 34.337759 ], [ -82.529126, 34.337816 ], [ -82.529473, 34.337866 ], [ -82.5296, 34.337927 ], [ -82.529664, 34.337999 ], [ -82.529646, 34.338132 ], [ -82.529475, 34.338257 ], [ -82.529358, 34.33827 ], [ -82.529004, 34.338271 ], [ -82.528709, 34.338239 ], [ -82.528395, 34.338108 ], [ -82.52813, 34.33807 ], [ -82.527961, 34.338084 ], [ -82.527933, 34.338112 ], [ -82.527915, 34.338233 ], [ -82.527931, 34.33827 ], [ -82.528217, 34.338469 ], [ -82.528678, 34.338683 ], [ -82.528937, 34.338729 ], [ -82.529219, 34.338801 ], [ -82.529628, 34.338856 ], [ -82.52982, 34.33891 ], [ -82.53, 34.339015 ], [ -82.530129, 34.339195 ], [ -82.530099, 34.339392 ], [ -82.529931, 34.33958 ], [ -82.529766, 34.339678 ], [ -82.529536, 34.339758 ], [ -82.529445, 34.339838 ], [ -82.529407, 34.339955 ], [ -82.529463, 34.340052 ], [ -82.52925, 34.340225 ], [ -82.529108, 34.34031 ], [ -82.528917, 34.340372 ], [ -82.528747, 34.340447 ], [ -82.528707, 34.340489 ], [ -82.528467, 34.340382 ], [ -82.528056, 34.34038 ], [ -82.527861, 34.340297 ], [ -82.52768, 34.340285 ], [ -82.527464, 34.340326 ], [ -82.527035, 34.340475 ], [ -82.52677, 34.340473 ], [ -82.526629, 34.340432 ], [ -82.526483, 34.34041 ], [ -82.526195, 34.34044 ], [ -82.526043, 34.34051 ], [ -82.525939, 34.340647 ], [ -82.525947, 34.340884 ], [ -82.52601, 34.341013 ], [ -82.526249, 34.341261 ], [ -82.526241, 34.341395 ], [ -82.526159, 34.341487 ], [ -82.526042, 34.341533 ], [ -82.525524, 34.34161 ], [ -82.525061, 34.341813 ], [ -82.52477, 34.341638 ], [ -82.524502, 34.341572 ], [ -82.524274, 34.341566 ], [ -82.524252, 34.341537 ], [ -82.523954, 34.341334 ], [ -82.52364, 34.341178 ], [ -82.523264, 34.341136 ], [ -82.523131, 34.341176 ], [ -82.522929, 34.341179 ], [ -82.522603, 34.341088 ], [ -82.522201, 34.341093 ], [ -82.521848, 34.341201 ], [ -82.521707, 34.341273 ], [ -82.521508, 34.341537 ], [ -82.521466, 34.3417 ], [ -82.521411, 34.342128 ], [ -82.521371, 34.342247 ], [ -82.521244, 34.342354 ], [ -82.521092, 34.342403 ], [ -82.520827, 34.342403 ], [ -82.520534, 34.342335 ], [ -82.520435, 34.342339 ], [ -82.520311, 34.342368 ], [ -82.520185, 34.342446 ], [ -82.520155, 34.342509 ], [ -82.520163, 34.342666 ], [ -82.52029, 34.342906 ], [ -82.520203, 34.343057 ], [ -82.520212, 34.343263 ], [ -82.520343, 34.343495 ], [ -82.520361, 34.343628 ], [ -82.520286, 34.343798 ], [ -82.51999, 34.344088 ], [ -82.519985, 34.34412 ], [ -82.519873, 34.344261 ], [ -82.519865, 34.344438 ], [ -82.519919, 34.344507 ], [ -82.520111, 34.344675 ], [ -82.520383, 34.344766 ], [ -82.52074, 34.344811 ], [ -82.520962, 34.344802 ], [ -82.521388, 34.344483 ], [ -82.521671, 34.344075 ], [ -82.521834, 34.343944 ], [ -82.52205, 34.343878 ], [ -82.522242, 34.343862 ], [ -82.523004, 34.343995 ], [ -82.523324, 34.344118 ], [ -82.523499, 34.344282 ], [ -82.52355, 34.344407 ], [ -82.523544, 34.344547 ], [ -82.523508, 34.344646 ], [ -82.523433, 34.345017 ], [ -82.523329, 34.345274 ], [ -82.523326, 34.345391 ], [ -82.523378, 34.345499 ], [ -82.523562, 34.345658 ], [ -82.523379, 34.345745 ], [ -82.523155, 34.345882 ], [ -82.522808, 34.345682 ], [ -82.522619, 34.345673 ], [ -82.5224, 34.345676 ], [ -82.52123, 34.345762 ], [ -82.520347, 34.345731 ], [ -82.519956, 34.345695 ], [ -82.519782, 34.345699 ], [ -82.519196, 34.345763 ], [ -82.519068, 34.345763 ], [ -82.518897, 34.345684 ], [ -82.518756, 34.345533 ], [ -82.518651, 34.345183 ], [ -82.518366, 34.344951 ], [ -82.518179, 34.344936 ], [ -82.518111, 34.344945 ], [ -82.518002, 34.344988 ], [ -82.51777, 34.345182 ], [ -82.517642, 34.345358 ], [ -82.517574, 34.345523 ], [ -82.517596, 34.345759 ], [ -82.517647, 34.34589 ], [ -82.51787, 34.346212 ], [ -82.518022, 34.346334 ], [ -82.518099, 34.346482 ], [ -82.5181, 34.346858 ], [ -82.518083, 34.346971 ], [ -82.51799, 34.34718 ], [ -82.51797, 34.347262 ], [ -82.517875, 34.347381 ], [ -82.517867, 34.347434 ], [ -82.517917, 34.347957 ], [ -82.51796, 34.348046 ], [ -82.518123, 34.348227 ], [ -82.518155, 34.34841 ], [ -82.518101, 34.348564 ], [ -82.517931, 34.348735 ], [ -82.517572, 34.349001 ], [ -82.517548, 34.349096 ], [ -82.517571, 34.349189 ], [ -82.517699, 34.349287 ], [ -82.517802, 34.349324 ], [ -82.517964, 34.349479 ], [ -82.518, 34.349556 ], [ -82.51802, 34.349927 ], [ -82.518089, 34.350092 ], [ -82.518211, 34.350187 ], [ -82.51849, 34.350306 ], [ -82.51864, 34.350318 ], [ -82.518858, 34.350299 ], [ -82.519177, 34.350203 ], [ -82.519429, 34.350017 ], [ -82.519566, 34.349825 ], [ -82.519756, 34.349672 ], [ -82.520074, 34.349557 ], [ -82.520503, 34.349499 ], [ -82.521746, 34.349436 ], [ -82.522344, 34.349388 ], [ -82.518706680395354, 34.351720410268086 ], [ -82.518440987105109, 34.351556967967397 ], [ -82.518045767580318, 34.351259855984473 ], [ -82.517687566641385, 34.350932044653753 ], [ -82.517369833876813, 34.350576691288758 ], [ -82.517095628988599, 34.350197218437032 ], [ -82.516867592334151, 34.349797280906778 ], [ -82.516687919512293, 34.349380730557613 ], [ -82.516558340237992, 34.348951579194761 ], [ -82.516495542218252, 34.348600325256342 ], [ -82.516546, 34.348491 ] ] ] } },
{ "type": "Feature", "properties": { "mukey": "1154991", "musym": "CcB", "muname": "Cecil sandy loam, 2 to 6 percent slopes", "aws025wta": 2.95, "soil_area_m2": 68878.803208840996 }, "geometry": { "type": "Polygon", "coordinates": [ [ [ -82.520163, 34.342666 ], [ -82.520155, 34.342509 ], [ -82.520185, 34.342446 ], [ -82.520311, 34.342368 ], [ -82.520435, 34.342339 ], [ -82.520534, 34.342335 ], [ -82.520827, 34.342403 ], [ -82.521092, 34.342403 ], [ -82.521244, 34.342354 ], [ -82.521371, 34.342247 ], [ -82.521411, 34.342128 ], [ -82.521466, 34.3417 ], [ -82.521508, 34.341537 ], [ -82.521707, 34.341273 ], [ -82.521848, 34.341201 ], [ -82.522201, 34.341093 ], [ -82.522603, 34.341088 ], [ -82.522929, 34.341179 ], [ -82.523131, 34.341176 ], [ -82.523264, 34.341136 ], [ -82.52364, 34.341178 ], [ -82.523954, 34.341334 ], [ -82.524252, 34.341537 ], [ -82.524274, 34.341566 ], [ -82.524352, 34.341679 ], [ -82.524393, 34.341831 ], [ -82.524689, 34.342207 ], [ -82.524685, 34.342263 ], [ -82.524681, 34.342304 ], [ -82.524598, 34.34235 ], [ -82.524608, 34.342483 ], [ -82.524758, 34.3427 ], [ -82.52474, 34.34291 ], [ -82.52457, 34.343009 ], [ -82.523957, 34.343176 ], [ -82.523713, 34.343304 ], [ -82.523671, 34.343269 ], [ -82.52351, 34.343209 ], [ -82.523342, 34.343193 ], [ -82.52309, 34.343184 ], [ -82.522196, 34.343237 ], [ -82.521719, 34.343201 ], [ -82.521551, 34.343142 ], [ -82.521311, 34.343104 ], [ -82.52114, 34.343017 ], [ -82.521012, 34.342897 ], [ -82.520761, 34.34279 ], [ -82.52061, 34.342775 ], [ -82.520478, 34.342806 ], [ -82.52029, 34.342906 ], [ -82.520163, 34.342666 ] ] ] } },
{ "type": "Feature", "properties": { "mukey": "1155004", "musym": "HeB", "muname": "Helena sandy loam, 2 to 6 percent slopes", "aws025wta": 3.05, "soil_area_m2": 76352.976372502497 }, "geometry": { "type": "Polygon", "coordinates": [ [ [ -82.520478, 34.342806 ], [ -82.52061, 34.342775 ], [ -82.520761, 34.34279 ], [ -82.521012, 34.342897 ], [ -82.52114, 34.343017 ], [ -82.521311, 34.343104 ], [ -82.521551, 34.343142 ], [ -82.521719, 34.343201 ], [ -82.522196, 34.343237 ], [ -82.52309, 34.343184 ], [ -82.523342, 34.343193 ], [ -82.52351, 34.343209 ], [ -82.523671, 34.343269 ], [ -82.523713, 34.343304 ], [ -82.523707, 34.343408 ], [ -82.523832, 34.343509 ], [ -82.52405, 34.343556 ], [ -82.524534, 34.343588 ], [ -82.524808, 34.343723 ], [ -82.524976, 34.343772 ], [ -82.525096, 34.343862 ], [ -82.525179, 34.343884 ], [ -82.525209, 34.344112 ], [ -82.525314, 34.344259 ], [ -82.525427, 34.344354 ], [ -82.525729, 34.344537 ], [ -82.525842, 34.344626 ], [ -82.525935, 34.344739 ], [ -82.525675, 34.344779 ], [ -82.525449, 34.344856 ], [ -82.525161, 34.345098 ], [ -82.524659, 34.345335 ], [ -82.524249, 34.345473 ], [ -82.523794, 34.345561 ], [ -82.523562, 34.345658 ], [ -82.523378, 34.345499 ], [ -82.523326, 34.345391 ], [ -82.523329, 34.345274 ], [ -82.523433, 34.345017 ], [ -82.523508, 34.344646 ], [ -82.523544, 34.344547 ], [ -82.52355, 34.344407 ], [ -82.523499, 34.344282 ], [ -82.523324, 34.344118 ], [ -82.523004, 34.343995 ], [ -82.522242, 34.343862 ], [ -82.52205, 34.343878 ], [ -82.521834, 34.343944 ], [ -82.521671, 34.344075 ], [ -82.521388, 34.344483 ], [ -82.520962, 34.344802 ], [ -82.52074, 34.344811 ], [ -82.520383, 34.344766 ], [ -82.520111, 34.344675 ], [ -82.519919, 34.344507 ], [ -82.519865, 34.344438 ], [ -82.519873, 34.344261 ], [ -82.519985, 34.34412 ], [ -82.51999, 34.344088 ], [ -82.520286, 34.343798 ], [ -82.520361, 34.343628 ], [ -82.520343, 34.343495 ], [ -82.520212, 34.343263 ], [ -82.520203, 34.343057 ], [ -82.52029, 34.342906 ], [ -82.520478, 34.342806 ] ] ] } },
{ "type": "Feature", "properties": { "mukey": "1154999", "musym": "DuB", "muname": "Durham loamy sand, 2 to 6 percent slopes", "aws025wta": 2.0, "soil_area_m2": 256551.63367480447 }, "geometry": { "type": "Polygon", "coordinates": [ [ [ -82.517699, 34.349287 ], [ -82.517571, 34.349189 ], [ -82.517548, 34.349096 ], [ -82.517572, 34.349001 ], [ -82.517931, 34.348735 ], [ -82.518101, 34.348564 ], [ -82.518155, 34.34841 ], [ -82.518123, 34.348227 ], [ -82.51796, 34.348046 ], [ -82.517917, 34.347957 ], [ -82.517867, 34.347434 ], [ -82.517875, 34.347381 ], [ -82.51797, 34.347262 ], [ -82.51799, 34.34718 ], [ -82.518083, 34.346971 ], [ -82.5181, 34.346858 ], [ -82.518099, 34.346482 ], [ -82.518022, 34.346334 ], [ -82.51787, 34.346212 ], [ -82.517647, 34.34589 ], [ -82.517596, 34.345759 ], [ -82.517574, 34.345523 ], [ -82.517642, 34.345358 ], [ -82.51777, 34.345182 ], [ -82.518002, 34.344988 ], [ -82.518111, 34.344945 ], [ -82.518179, 34.344936 ], [ -82.518366, 34.344951 ], [ -82.518651, 34.345183 ], [ -82.518756, 34.345533 ], [ -82.518897, 34.345684 ], [ -82.519068, 34.345763 ], [ -82.519196, 34.345763 ], [ -82.519782, 34.345699 ], [ -82.519956, 34.345695 ], [ -82.520347, 34.345731 ], [ -82.52123, 34.345762 ], [ -82.5224, 34.345676 ], [ -82.522619, 34.345673 ], [ -82.522808, 34.345682 ], [ -82.523155, 34.345882 ], [ -82.523, 34.346045 ], [ -82.522942, 34.346154 ], [ -82.522962, 34.346287 ], [ -82.52303, 34.346348 ], [ -82.523736, 34.346396 ], [ -82.524417, 34.346721 ], [ -82.524723, 34.346735 ], [ -82.525016, 34.346654 ], [ -82.525079, 34.346619 ], [ -82.52535, 34.346403 ], [ -82.525489, 34.346362 ], [ -82.52556, 34.34636 ], [ -82.525769, 34.346394 ], [ -82.525938, 34.346543 ], [ -82.526048, 34.346544 ], [ -82.52631, 34.346438 ], [ -82.526375, 34.346676 ], [ -82.52639, 34.346835 ], [ -82.522344, 34.349388 ], [ -82.521746, 34.349436 ], [ -82.520503, 34.349499 ], [ -82.520074, 34.349557 ], [ -82.519756, 34.349672 ], [ -82.519566, 34.349825 ], [ -82.519429, 34.350017 ], [ -82.519177, 34.350203 ], [ -82.518858, 34.350299 ], [ -82.51864, 34.350318 ], [ -82.51849, 34.350306 ], [ -82.518211, 34.350187 ], [ -82.518089, 34.350092 ], [ -82.51802, 34.349927 ], [ -82.518, 34.349556 ], [ -82.517964, 34.349479 ], [ -82.517802, 34.349324 ], [ -82.517699, 34.349287 ] ], [ [ -82.521602, 34.349112 ], [ -82.521629, 34.349076 ], [ -82.521671, 34.349057 ], [ -82.521715, 34.349046 ], [ -82.521743, 34.349049 ], [ -82.521846, 34.349058 ], [ -82.52195, 34.349093 ], [ -82.52202, 34.349127 ], [ -82.522045, 34.349133 ], [ -82.522092, 34.349124 ], [ -82.522138, 34.349063 ], [ -82.52214, 34.349037 ], [ -82.522162, 34.348865 ], [ -82.522156, 34.348762 ], [ -82.522118, 34.348726 ], [ -82.522109, 34.348718 ], [ -82.522003, 34.348682 ], [ -82.521849, 34.348657 ], [ -82.521651, 34.348698 ], [ -82.521449, 34.348733 ], [ -82.521365, 34.348776 ], [ -82.521287, 34.348823 ], [ -82.521247, 34.348899 ], [ -82.521233, 34.348961 ], [ -82.521174, 34.349007 ], [ -82.521114, 34.349048 ], [ -82.521099, 34.349077 ], [ -82.521102, 34.349145 ], [ -82.521141, 34.349198 ], [ -82.521244, 34.349242 ], [ -82.521334, 34.349257 ], [ -82.521421, 34.349246 ], [ -82.521494, 34.349228 ], [ -82.521579, 34.349142 ], [ -82.521602, 34.349112 ] ] ] } },
{ "type": "Feature", "properties": { "mukey": "1155022", "musym": "W", "muname": "Water", "aws025wta": null, "soil_area_m2": 4194.3021300566179 }, "geometry": { "type": "Polygon", "coordinates": [ [ [ -82.521114, 34.349048 ], [ -82.521174, 34.349007 ], [ -82.521233, 34.348961 ], [ -82.521247, 34.348899 ], [ -82.521287, 34.348823 ], [ -82.521365, 34.348776 ], [ -82.521449, 34.348733 ], [ -82.521651, 34.348698 ], [ -82.521849, 34.348657 ], [ -82.522003, 34.348682 ], [ -82.522109, 34.348718 ], [ -82.522118, 34.348726 ], [ -82.522156, 34.348762 ], [ -82.522162, 34.348865 ], [ -82.52214, 34.349037 ], [ -82.522138, 34.349063 ], [ -82.522092, 34.349124 ], [ -82.522045, 34.349133 ], [ -82.52202, 34.349127 ], [ -82.52195, 34.349093 ], [ -82.521846, 34.349058 ], [ -82.521743, 34.349049 ], [ -82.521715, 34.349046 ], [ -82.521671, 34.349057 ], [ -82.521629, 34.349076 ], [ -82.521602, 34.349112 ], [ -82.521579, 34.349142 ], [ -82.521494, 34.349228 ], [ -82.521421, 34.349246 ], [ -82.521334, 34.349257 ], [ -82.521244, 34.349242 ], [ -82.521141, 34.349198 ], [ -82.521102, 34.349145 ], [ -82.521099, 34.349077 ], [ -82.521114, 34.349048 ] ] ] } },
{ "type": "Feature", "properties": { "mukey": "1154992", "musym": "CcC", "muname": "Cecil sandy loam, 6 to 10 percent slopes", "aws025wta": 2.99, "soil_area_m2": 59708.116465090985 }, "geometry": { "type": "Polygon", "coordinates": [ [ [ -82.536844, 34.33888 ], [ -82.536888, 34.339072 ], [ -82.536775, 34.339068 ], [ -82.536693, 34.339088 ], [ -82.53635, 34.339283 ], [ -82.535678, 34.339806 ], [ -82.53555, 34.339892 ], [ -82.535455, 34.339916 ], [ -82.535264, 34.340108 ], [ -82.535131, 34.340318 ], [ -82.535021, 34.3404 ], [ -82.534968, 34.340407 ], [ -82.534726, 34.340387 ], [ -82.534512, 34.340322 ], [ -82.534213, 34.340163 ], [ -82.534011, 34.340164 ], [ -82.533888, 34.340279 ], [ -82.533846, 34.34031 ], [ -82.533673, 34.340366 ], [ -82.533636, 34.340409 ], [ -82.533263, 34.340652 ], [ -82.533211, 34.340813 ], [ -82.533137, 34.341275 ], [ -82.53307, 34.341382 ], [ -82.533038, 34.341471 ], [ -82.532861, 34.341207 ], [ -82.532778, 34.34116 ], [ -82.532469, 34.341187 ], [ -82.532308, 34.34124 ], [ -82.532232, 34.341307 ], [ -82.53131, 34.34187 ], [ -82.530988, 34.342124 ], [ -82.530747, 34.342394 ], [ -82.530708, 34.342473 ], [ -82.530679, 34.342691 ], [ -82.530597, 34.34285 ], [ -82.53047, 34.343005 ], [ -82.530223, 34.343153 ], [ -82.530042, 34.343184 ], [ -82.529562, 34.343146 ], [ -82.528627, 34.343041 ], [ -82.528937, 34.342864 ], [ -82.529614, 34.342659 ], [ -82.529784, 34.342507 ], [ -82.529852, 34.342291 ], [ -82.529976, 34.342179 ], [ -82.530518, 34.341983 ], [ -82.530795, 34.341802 ], [ -82.531429, 34.341251 ], [ -82.531858, 34.340719 ], [ -82.53204, 34.340514 ], [ -82.532086, 34.340483 ], [ -82.532112, 34.340437 ], [ -82.532316, 34.340245 ], [ -82.532523, 34.340082 ], [ -82.532703, 34.340017 ], [ -82.533219, 34.339965 ], [ -82.533339, 34.339941 ], [ -82.53375, 34.339737 ], [ -82.533862, 34.339723 ], [ -82.534481, 34.339537 ], [ -82.534879, 34.339435 ], [ -82.535396, 34.339183 ], [ -82.535902, 34.338987 ], [ -82.536372, 34.33877 ], [ -82.536669, 34.338673 ], [ -82.536844, 34.33888 ] ] ] } },
{ "type": "Feature", "properties": { "mukey": "1154995", "musym": "CeC2", "muname": "Cecil sandy clay loam, 6 to 10 percent slopes, moderately eroded", "aws025wta": 3.26, "soil_area_m2": 16700.467187388411 }, "geometry": { "type": "Polygon", "coordinates": [ [ [ -82.53307, 34.341382 ], [ -82.533137, 34.341275 ], [ -82.533211, 34.340813 ], [ -82.533263, 34.340652 ], [ -82.533636, 34.340409 ], [ -82.533673, 34.340366 ], [ -82.533846, 34.34031 ], [ -82.533888, 34.340279 ], [ -82.534017, 34.340445 ], [ -82.534187, 34.340859 ], [ -82.534548, 34.341102 ], [ -82.534677269489293, 34.341229103064528 ], [ -82.534539789480192, 34.341545250059376 ], [ -82.534503805024841, 34.341607820597361 ], [ -82.53408, 34.341886 ], [ -82.533942, 34.341872 ], [ -82.533813, 34.34183 ], [ -82.533443, 34.341785 ], [ -82.533223, 34.341703 ], [ -82.533038, 34.341471 ], [ -82.53307, 34.341382 ] ] ] } },
{ "type": "Feature", "properties": { "mukey": "1154986", "musym": "ApC", "muname": "Appling sandy loam, 6 to 10 percent slopes", "aws025wta": 3.47, "soil_area_m2": 44034.793932730616 }, "geometry": { "type": "Polygon", "coordinates": [ [ [ -82.525524, 34.34161 ], [ -82.526042, 34.341533 ], [ -82.526159, 34.341487 ], [ -82.526241, 34.341395 ], [ -82.526249, 34.341261 ], [ -82.52601, 34.341013 ], [ -82.525947, 34.340884 ], [ -82.525939, 34.340647 ], [ -82.526043, 34.34051 ], [ -82.526195, 34.34044 ], [ -82.526483, 34.34041 ], [ -82.526629, 34.340432 ], [ -82.52677, 34.340473 ], [ -82.527035, 34.340475 ], [ -82.527464, 34.340326 ], [ -82.52768, 34.340285 ], [ -82.527861, 34.340297 ], [ -82.528056, 34.34038 ], [ -82.528467, 34.340382 ], [ -82.528707, 34.340489 ], [ -82.528621, 34.340574 ], [ -82.528528, 34.340729 ], [ -82.528423, 34.341056 ], [ -82.528316, 34.341205 ], [ -82.5281, 34.341328 ], [ -82.527694, 34.341421 ], [ -82.527491, 34.341555 ], [ -82.527453, 34.3416 ], [ -82.527396, 34.341725 ], [ -82.527385, 34.342209 ], [ -82.527278, 34.34236 ], [ -82.52723, 34.342393 ], [ -82.527021, 34.342453 ], [ -82.526536, 34.34251 ], [ -82.526128, 34.342454 ], [ -82.52586, 34.342339 ], [ -82.525061, 34.341813 ], [ -82.525524, 34.34161 ] ] ] } },
{ "type": "Feature", "properties": { "mukey": "1154993", "musym": "CcD", "muname": "Cecil-Cataula complex, 10 to 15 percent slopes, moderately eroded", "aws025wta": 3.35, "soil_area_m2": 37426.694342214803 }, "geometry": { "type": "Polygon", "coordinates": [ [ [ -82.524689, 34.342207 ], [ -82.524393, 34.341831 ], [ -82.524352, 34.341679 ], [ -82.524274, 34.341566 ], [ -82.524502, 34.341572 ], [ -82.52477, 34.341638 ], [ -82.525061, 34.341813 ], [ -82.52586, 34.342339 ], [ -82.526128, 34.342454 ], [ -82.526536, 34.34251 ], [ -82.527021, 34.342453 ], [ -82.52723, 34.342393 ], [ -82.527278, 34.34236 ], [ -82.527385, 34.342209 ], [ -82.527396, 34.341725 ], [ -82.527453, 34.3416 ], [ -82.527491, 34.341555 ], [ -82.527694, 34.341421 ], [ -82.5281, 34.341328 ], [ -82.528316, 34.341205 ], [ -82.528423, 34.341056 ], [ -82.528528, 34.340729 ], [ -82.528621, 34.340574 ], [ -82.528707, 34.340489 ], [ -82.528747, 34.340447 ], [ -82.528917, 34.340372 ], [ -82.529108, 34.34031 ], [ -82.52925, 34.340225 ], [ -82.529463, 34.340052 ], [ -82.529609, 34.3401 ], [ -82.529742, 34.340124 ], [ -82.529675, 34.340181 ], [ -82.529584, 34.34034 ], [ -82.529506, 34.340594 ], [ -82.529419, 34.340731 ], [ -82.529147, 34.341002 ], [ -82.52898, 34.3412 ], [ -82.528879, 34.341354 ], [ -82.528701, 34.341739 ], [ -82.52857, 34.341925 ], [ -82.528376, 34.342068 ], [ -82.528149, 34.342144 ], [ -82.527906, 34.342282 ], [ -82.527434, 34.3428 ], [ -82.527232, 34.342971 ], [ -82.527129, 34.343015 ], [ -82.527048, 34.343023 ], [ -82.526808, 34.343025 ], [ -82.526608, 34.343005 ], [ -82.526363, 34.343017 ], [ -82.526324, 34.343021 ], [ -82.526012, 34.342924 ], [ -82.525659, 34.342715 ], [ -82.525504, 34.342594 ], [ -82.524927, 34.342345 ], [ -82.524685, 34.342263 ], [ -82.524689, 34.342207 ] ] ] } },
{ "type": "Feature", "properties": { "mukey": "1155021", "musym": "Tc", "muname": "Toccoa sandy loam", "aws025wta": 2.75, "soil_area_m2": 185482.97232595214 }, "geometry": { "type": "Polygon", "coordinates": [ [ [ -82.536639, 34.336949 ], [ -82.536751, 34.336906 ], [ -82.536774, 34.336867 ], [ -82.536759, 34.336807 ], [ -82.536675, 34.336707 ], [ -82.5366, 34.336601 ], [ -82.536555, 34.336452 ], [ -82.536589, 34.33632 ], [ -82.536598, 34.336221 ], [ -82.536671, 34.336251 ], [ -82.536774, 34.336416 ], [ -82.536951, 34.336598 ], [ -82.537106, 34.336791 ], [ -82.537328, 34.337122 ], [ -82.537881, 34.337781 ], [ -82.538071, 34.337983 ], [ -82.538253, 34.338333 ], [ -82.538292, 34.33854 ], [ -82.538239, 34.338665 ], [ -82.538211, 34.338695 ], [ -82.53814, 34.338727 ], [ -82.537874, 34.338735 ], [ -82.537641, 34.338719 ], [ -82.537181, 34.338584 ], [ -82.537062, 34.338558 ], [ -82.536915, 34.33855 ], [ -82.536669, 34.338673 ], [ -82.536372, 34.33877 ], [ -82.535902, 34.338987 ], [ -82.535396, 34.339183 ], [ -82.534879, 34.339435 ], [ -82.534481, 34.339537 ], [ -82.533862, 34.339723 ], [ -82.53375, 34.339737 ], [ -82.533339, 34.339941 ], [ -82.533219, 34.339965 ], [ -82.532703, 34.340017 ], [ -82.532523, 34.340082 ], [ -82.532316, 34.340245 ], [ -82.532112, 34.340437 ], [ -82.532086, 34.340483 ], [ -82.53204, 34.340514 ], [ -82.531858, 34.340719 ], [ -82.531429, 34.341251 ], [ -82.530795, 34.341802 ], [ -82.530518, 34.341983 ], [ -82.529976, 34.342179 ], [ -82.529852, 34.342291 ], [ -82.529784, 34.342507 ], [ -82.529614, 34.342659 ], [ -82.528937, 34.342864 ], [ -82.528627, 34.343041 ], [ -82.528402, 34.343205 ], [ -82.527691, 34.344164 ], [ -82.527507, 34.344521 ], [ -82.527397, 34.344927 ], [ -82.527362, 34.345394 ], [ -82.527153, 34.345878 ], [ -82.527141, 34.345997 ], [ -82.527164, 34.346211 ], [ -82.52721, 34.346281 ], [ -82.52639, 34.346835 ], [ -82.526375, 34.346676 ], [ -82.52631, 34.346438 ], [ -82.526288, 34.346078 ], [ -82.526304, 34.345884 ], [ -82.52643, 34.345291 ], [ -82.526428, 34.345126 ], [ -82.526402, 34.345044 ], [ -82.526263, 34.34484 ], [ -82.526141, 34.344769 ], [ -82.525935, 34.344739 ], [ -82.525842, 34.344626 ], [ -82.525729, 34.344537 ], [ -82.525427, 34.344354 ], [ -82.525314, 34.344259 ], [ -82.525209, 34.344112 ], [ -82.525179, 34.343884 ], [ -82.525261, 34.343843 ], [ -82.525375, 34.343828 ], [ -82.525499, 34.343836 ], [ -82.525709, 34.343892 ], [ -82.526072, 34.344146 ], [ -82.526229, 34.344183 ], [ -82.526582, 34.344184 ], [ -82.526659, 34.344162 ], [ -82.526802, 34.344062 ], [ -82.526889, 34.343832 ], [ -82.526812, 34.343495 ], [ -82.526705, 34.343368 ], [ -82.52651, 34.343277 ], [ -82.526471, 34.343243 ], [ -82.526419, 34.343185 ], [ -82.526363, 34.343017 ], [ -82.526608, 34.343005 ], [ -82.526808, 34.343025 ], [ -82.527048, 34.343023 ], [ -82.527129, 34.343015 ], [ -82.527232, 34.342971 ], [ -82.527434, 34.3428 ], [ -82.527906, 34.342282 ], [ -82.528149, 34.342144 ], [ -82.528376, 34.342068 ], [ -82.52857, 34.341925 ], [ -82.528701, 34.341739 ], [ -82.528879, 34.341354 ], [ -82.52898, 34.3412 ], [ -82.529147, 34.341002 ], [ -82.529419, 34.340731 ], [ -82.529506, 34.340594 ], [ -82.529584, 34.34034 ], [ -82.529675, 34.340181 ], [ -82.529742, 34.340124 ], [ -82.530096, 34.339856 ], [ -82.530331, 34.339767 ], [ -82.530495, 34.339739 ], [ -82.530802, 34.339751 ], [ -82.530933, 34.339768 ], [ -82.531122, 34.339824 ], [ -82.531249, 34.33988 ], [ -82.531431, 34.339893 ], [ -82.532139, 34.339685 ], [ -82.532564, 34.339483 ], [ -82.532699, 34.33936 ], [ -82.533042, 34.338953 ], [ -82.53333, 34.338773 ], [ -82.53349, 34.338723 ], [ -82.533622, 34.338703 ], [ -82.534409, 34.338684 ], [ -82.534544, 34.338651 ], [ -82.534989, 34.338435 ], [ -82.535711, 34.338244 ], [ -82.5361, 34.338084 ], [ -82.536413, 34.337906 ], [ -82.536554, 34.337759 ], [ -82.536606, 34.337632 ], [ -82.536598, 34.337465 ], [ -82.536471, 34.33708 ], [ -82.536384, 34.336977 ], [ -82.536639, 34.336949 ] ] ] } },
{ "type": "Feature", "properties": { "mukey": "131797", "musym": "CeC2", "muname": "Cecil clay loam, 6 to 10 percent slopes, eroded", "aws025wta": 3.5, "soil_area_m2": 625.0837121391354 }, "geometry": { "type": "Polygon", "coordinates": [ [ [ -82.534503805024841, 34.341607820597361 ], [ -82.534308400191179, 34.341947592936158 ], [ -82.53421013246529, 34.342082337609547 ], [ -82.534175, 34.341999 ], [ -82.53408, 34.341886 ], [ -82.534503805024841, 34.341607820597361 ] ] ] } },
{ "type": "Feature", "properties": { "mukey": "1154986", "musym": "ApC", "muname": "Appling sandy loam, 6 to 10 percent slopes", "aws025wta": 3.47, "soil_area_m2": 30365.549527763946 }, "geometry": { "type": "Polygon", "coordinates": [ [ [ -82.525096, 34.343862 ], [ -82.524976, 34.343772 ], [ -82.524808, 34.343723 ], [ -82.524534, 34.343588 ], [ -82.52405, 34.343556 ], [ -82.523832, 34.343509 ], [ -82.523707, 34.343408 ], [ -82.523713, 34.343304 ], [ -82.523957, 34.343176 ], [ -82.52457, 34.343009 ], [ -82.52474, 34.34291 ], [ -82.524758, 34.3427 ], [ -82.524608, 34.342483 ], [ -82.524598, 34.34235 ], [ -82.524681, 34.342304 ], [ -82.524685, 34.342263 ], [ -82.524927, 34.342345 ], [ -82.525504, 34.342594 ], [ -82.525659, 34.342715 ], [ -82.526012, 34.342924 ], [ -82.526324, 34.343021 ], [ -82.526363, 34.343017 ], [ -82.526419, 34.343185 ], [ -82.526471, 34.343243 ], [ -82.52651, 34.343277 ], [ -82.526705, 34.343368 ], [ -82.526812, 34.343495 ], [ -82.526889, 34.343832 ], [ -82.526802, 34.344062 ], [ -82.526659, 34.344162 ], [ -82.526582, 34.344184 ], [ -82.526229, 34.344183 ], [ -82.526072, 34.344146 ], [ -82.525709, 34.343892 ], [ -82.525499, 34.343836 ], [ -82.525375, 34.343828 ], [ -82.525261, 34.343843 ], [ -82.525179, 34.343884 ], [ -82.525096, 34.343862 ] ] ] } },
{ "type": "Feature", "properties": { "mukey": "1154991", "musym": "CcB", "muname": "Cecil sandy loam, 2 to 6 percent slopes", "aws025wta": 2.95, "soil_area_m2": 104405.789756546 }, "geometry": { "type": "Polygon", "coordinates": [ [ [ -82.529562, 34.343146 ], [ -82.530042, 34.343184 ], [ -82.530223, 34.343153 ], [ -82.53047, 34.343005 ], [ -82.530597, 34.34285 ], [ -82.530679, 34.342691 ], [ -82.530708, 34.342473 ], [ -82.530747, 34.342394 ], [ -82.530988, 34.342124 ], [ -82.53131, 34.34187 ], [ -82.532232, 34.341307 ], [ -82.532308, 34.34124 ], [ -82.532469, 34.341187 ], [ -82.532778, 34.34116 ], [ -82.532861, 34.341207 ], [ -82.533038, 34.341471 ], [ -82.533223, 34.341703 ], [ -82.533443, 34.341785 ], [ -82.533813, 34.34183 ], [ -82.533942, 34.341872 ], [ -82.53408, 34.341886 ], [ -82.529920142180103, 34.344547318473076 ], [ -82.529788601261686, 34.344563406320411 ], [ -82.52928053926135, 34.3447666333469 ], [ -82.529085132228275, 34.344836004547055 ], [ -82.528839086054361, 34.344957447917089 ], [ -82.528798958879946, 34.344973084299198 ], [ -82.528872743330567, 34.345217356251652 ], [ -82.52721, 34.346281 ], [ -82.527164, 34.346211 ], [ -82.527141, 34.345997 ], [ -82.527153, 34.345878 ], [ -82.527362, 34.345394 ], [ -82.527397, 34.344927 ], [ -82.527507, 34.344521 ], [ -82.527691, 34.344164 ], [ -82.528402, 34.343205 ], [ -82.528627, 34.343041 ], [ -82.529562, 34.343146 ] ] ] } },
{ "type": "Feature", "properties": { "mukey": "131793", "musym": "CdB", "muname": "Cecil sandy loam, 2 to 6 percent slopes", "aws025wta": 2.95, "soil_area_m2": 55542.13887077308 }, "geometry": { "type": "MultiPolygon", "coordinates": [ [ [ [ -82.527453, 34.347842 ], [ -82.527258, 34.34785 ], [ -82.527145, 34.3479 ], [ -82.526948, 34.34793 ], [ -82.526893, 34.347929 ], [ -82.52686, 34.347912 ], [ -82.526786, 34.347658 ], [ -82.526855, 34.347412 ], [ -82.526921, 34.347295 ], [ -82.52714, 34.346854 ], [ -82.527219, 34.346415 ], [ -82.52721, 34.346281 ], [ -82.528872743330567, 34.345217356251652 ], [ -82.528926692746111, 34.345395961034995 ], [ -82.529004983293916, 34.345833574275972 ], [ -82.529031183538237, 34.346275445229026 ], [ -82.529031206874961, 34.346634770555781 ], [ -82.529031240642155, 34.34717376839275 ], [ -82.52902298128619, 34.347313362486297 ], [ -82.528829, 34.34733 ], [ -82.528734, 34.347356 ], [ -82.528647, 34.347417 ], [ -82.528593, 34.347427 ], [ -82.528461, 34.347527 ], [ -82.52826, 34.347971 ], [ -82.528225, 34.348002 ], [ -82.528038, 34.348088 ], [ -82.527852, 34.348085 ], [ -82.5278, 34.34807 ], [ -82.527593, 34.347912 ], [ -82.527453, 34.347842 ] ] ], [ [ [ -82.53408, 34.341886 ], [ -82.534175, 34.341999 ], [ -82.53421013246529, 34.342082337609547 ], [ -82.534030234490928, 34.342329012364509 ], [ -82.533708011869805, 34.342685778530615 ], [ -82.533438522767426, 34.342955281724215 ], [ -82.533219088698999, 34.343154129477071 ], [ -82.533113, 34.343128 ], [ -82.532852, 34.343094 ], [ -82.532671, 34.343116 ], [ -82.532371, 34.343227 ], [ -82.532169, 34.343348 ], [ -82.531782, 34.343674 ], [ -82.531496, 34.343785 ], [ -82.531276, 34.343924 ], [ -82.531011, 34.344028 ], [ -82.530741, 34.344225 ], [ -82.530584, 34.344393 ], [ -82.530549394305581, 34.344450163603398 ], [ -82.53030952952453, 34.344499694376459 ], [ -82.529920142180103, 34.344547318473076 ], [ -82.53408, 34.341886 ] ] ] ] } },
{ "type": "Feature", "properties": { "mukey": "1154986", "musym": "ApC", "muname": "Appling sandy loam, 6 to 10 percent slopes", "aws025wta": 3.47, "soil_area_m2": 42290.832234613503 }, "geometry": { "type": "Polygon", "coordinates": [ [ [ -82.523379, 34.345745 ], [ -82.523562, 34.345658 ], [ -82.523794, 34.345561 ], [ -82.524249, 34.345473 ], [ -82.524659, 34.345335 ], [ -82.525161, 34.345098 ], [ -82.525449, 34.344856 ], [ -82.525675, 34.344779 ], [ -82.525935, 34.344739 ], [ -82.526141, 34.344769 ], [ -82.526263, 34.34484 ], [ -82.526402, 34.345044 ], [ -82.526428, 34.345126 ], [ -82.52643, 34.345291 ], [ -82.526304, 34.345884 ], [ -82.526288, 34.346078 ], [ -82.52631, 34.346438 ], [ -82.526048, 34.346544 ], [ -82.525938, 34.346543 ], [ -82.525769, 34.346394 ], [ -82.52556, 34.34636 ], [ -82.525489, 34.346362 ], [ -82.52535, 34.346403 ], [ -82.525079, 34.346619 ], [ -82.525016, 34.346654 ], [ -82.524723, 34.346735 ], [ -82.524417, 34.346721 ], [ -82.523736, 34.346396 ], [ -82.52303, 34.346348 ], [ -82.522962, 34.346287 ], [ -82.522942, 34.346154 ], [ -82.523, 34.346045 ], [ -82.523155, 34.345882 ], [ -82.523379, 34.345745 ] ] ] } },
{ "type": "Feature", "properties": { "mukey": "131790", "musym": "CbB", "muname": "Cataula sandy loam, 2 to 6 percent slopes", "aws025wta": 3.35, "soil_area_m2": 581.82844999526401 }, "geometry": { "type": "Polygon", "coordinates": [ [ [ -82.528736, 34.347471 ], [ -82.528647, 34.347417 ], [ -82.528734, 34.347356 ], [ -82.528829, 34.34733 ], [ -82.52902298128619, 34.347313362486297 ], [ -82.529008673546571, 34.347555181560544 ], [ -82.528736, 34.347471 ] ] ] } },
{ "type": "Feature", "properties": { "mukey": "131787", "musym": "ApB", "muname": "Appling sandy loam, 2 to 6 percent slopes", "aws025wta": 3.5, "soil_area_m2": 29611.449110962254 }, "geometry": { "type": "Polygon", "coordinates": [ [ [ -82.527288, 34.349024 ], [ -82.527137, 34.348872 ], [ -82.526603, 34.348403 ], [ -82.526256, 34.348054 ], [ -82.526298, 34.348003 ], [ -82.526542, 34.347519 ], [ -82.526778, 34.347346 ], [ -82.526921, 34.347295 ], [ -82.526855, 34.347412 ], [ -82.526786, 34.347658 ], [ -82.52686, 34.347912 ], [ -82.526893, 34.347929 ], [ -82.526948, 34.34793 ], [ -82.527145, 34.3479 ], [ -82.527258, 34.34785 ], [ -82.527453, 34.347842 ], [ -82.527593, 34.347912 ], [ -82.5278, 34.34807 ], [ -82.527852, 34.348085 ], [ -82.528038, 34.348088 ], [ -82.528225, 34.348002 ], [ -82.52826, 34.347971 ], [ -82.528461, 34.347527 ], [ -82.528593, 34.347427 ], [ -82.528647, 34.347417 ], [ -82.528736, 34.347471 ], [ -82.529008673546571, 34.347555181560544 ], [ -82.52900509634587, 34.347615640674263 ], [ -82.528926859219382, 34.348053259705161 ], [ -82.528797281933606, 34.348482410906357 ], [ -82.528617611649125, 34.348898961185867 ], [ -82.528390335172318, 34.349297570844492 ], [ -82.528389184031724, 34.349304009649082 ], [ -82.528031, 34.349165 ], [ -82.527806, 34.349122 ], [ -82.527541, 34.349334 ], [ -82.527288, 34.349024 ] ] ] } },
{ "type": "Feature", "properties": { "mukey": "131789", "musym": "Ca", "muname": "Cartecay-Chewacla complex", "aws025wta": 3.38, "soil_area_m2": 37978.660714946302 }, "geometry": { "type": "Polygon", "coordinates": [ [ [ -82.526778, 34.347346 ], [ -82.526542, 34.347519 ], [ -82.526298, 34.348003 ], [ -82.526256, 34.348054 ], [ -82.525894, 34.348449 ], [ -82.525703, 34.348723 ], [ -82.525554, 34.349017 ], [ -82.525493, 34.349255 ], [ -82.525455, 34.349657 ], [ -82.525437, 34.350166 ], [ -82.525411, 34.350318 ], [ -82.525268, 34.350578 ], [ -82.525004, 34.350842 ], [ -82.524774, 34.350661 ], [ -82.524514, 34.350645 ], [ -82.524431, 34.350606 ], [ -82.524406, 34.35043 ], [ -82.524419, 34.350308 ], [ -82.524532, 34.350027 ], [ -82.524746, 34.349721 ], [ -82.524965, 34.349219 ], [ -82.525002, 34.349082 ], [ -82.524992, 34.348828 ], [ -82.524973, 34.348794 ], [ -82.524927, 34.348794 ], [ -82.524738, 34.3488 ], [ -82.524476, 34.348862 ], [ -82.524312, 34.348844 ], [ -82.524163, 34.348715 ], [ -82.524194, 34.348568 ], [ -82.524381, 34.348406 ], [ -82.524717, 34.34827 ], [ -82.525066, 34.347987 ], [ -82.525374, 34.347805 ], [ -82.525506, 34.347749 ], [ -82.525667, 34.347644 ], [ -82.52606, 34.347475 ], [ -82.526274, 34.347229 ], [ -82.526377, 34.346961 ], [ -82.52639, 34.346835 ], [ -82.52721, 34.346281 ], [ -82.527219, 34.346415 ], [ -82.52714, 34.346854 ], [ -82.526921, 34.347295 ], [ -82.526778, 34.347346 ] ] ] } },
{ "type": "Feature", "properties": { "mukey": "131800", "musym": "DuB", "muname": "Durham sandy loam, 2 to 6 percent slopes", "aws025wta": 2.5, "soil_area_m2": 49593.118734594987 }, "geometry": { "type": "Polygon", "coordinates": [ [ [ -82.526377, 34.346961 ], [ -82.526274, 34.347229 ], [ -82.52606, 34.347475 ], [ -82.525667, 34.347644 ], [ -82.525506, 34.347749 ], [ -82.525374, 34.347805 ], [ -82.525066, 34.347987 ], [ -82.524717, 34.34827 ], [ -82.524381, 34.348406 ], [ -82.524194, 34.348568 ], [ -82.524163, 34.348715 ], [ -82.524312, 34.348844 ], [ -82.524476, 34.348862 ], [ -82.524738, 34.3488 ], [ -82.524927, 34.348794 ], [ -82.524973, 34.348794 ], [ -82.524992, 34.348828 ], [ -82.525002, 34.349082 ], [ -82.524965, 34.349219 ], [ -82.524746, 34.349721 ], [ -82.524532, 34.350027 ], [ -82.524419, 34.350308 ], [ -82.524406, 34.35043 ], [ -82.524431, 34.350606 ], [ -82.52429, 34.35069 ], [ -82.523804, 34.351067 ], [ -82.523587, 34.351134 ], [ -82.523528, 34.3511 ], [ -82.523344, 34.351047 ], [ -82.523036, 34.351032 ], [ -82.522205, 34.351148 ], [ -82.522137, 34.351144 ], [ -82.52207, 34.351112 ], [ -82.52206, 34.351011 ], [ -82.522158, 34.350755 ], [ -82.522274, 34.350511 ], [ -82.52244, 34.350352 ], [ -82.52265, 34.350237 ], [ -82.522812, 34.350185 ], [ -82.523463, 34.350125 ], [ -82.523719, 34.350067 ], [ -82.523855, 34.349912 ], [ -82.523854, 34.349754 ], [ -82.523786, 34.349574 ], [ -82.523747, 34.349532 ], [ -82.523606, 34.349459 ], [ -82.523289, 34.349419 ], [ -82.522344, 34.349388 ], [ -82.52639, 34.346835 ], [ -82.526377, 34.346961 ] ] ] } },
{ "type": "Feature", "properties": { "mukey": "131800", "musym": "DuB", "muname": "Durham sandy loam, 2 to 6 percent slopes", "aws025wta": 2.5, "soil_area_m2": 79872.259409148101 }, "geometry": { "type": "Polygon", "coordinates": [ [ [ -82.527659, 34.349493 ], [ -82.527625, 34.349667 ], [ -82.52756, 34.349743 ], [ -82.527501, 34.349771 ], [ -82.527288, 34.349932 ], [ -82.527219, 34.350027 ], [ -82.527221, 34.350169 ], [ -82.527312, 34.350334 ], [ -82.527681, 34.350638 ], [ -82.527737342899727, 34.350713363263139 ], [ -82.527576458505891, 34.350936010918403 ], [ -82.527258724873903, 34.351291364794882 ], [ -82.52690052271781, 34.351619176719979 ], [ -82.526505301609731, 34.351916289356303 ], [ -82.526076867795183, 34.352179841012749 ], [ -82.52586251190742, 34.352286406533004 ], [ -82.525804, 34.352044 ], [ -82.525755, 34.351921 ], [ -82.525641, 34.351817 ], [ -82.525574, 34.351786 ], [ -82.525447, 34.351797 ], [ -82.525355, 34.351878 ], [ -82.525278, 34.352243 ], [ -82.525171, 34.352368 ], [ -82.524863, 34.352402 ], [ -82.524665, 34.352346 ], [ -82.524511, 34.352253 ], [ -82.524401, 34.352106 ], [ -82.524369, 34.351948 ], [ -82.524419, 34.351711 ], [ -82.524635, 34.351267 ], [ -82.525004, 34.350842 ], [ -82.525268, 34.350578 ], [ -82.525411, 34.350318 ], [ -82.525437, 34.350166 ], [ -82.525455, 34.349657 ], [ -82.525493, 34.349255 ], [ -82.525554, 34.349017 ], [ -82.525703, 34.348723 ], [ -82.525894, 34.348449 ], [ -82.526256, 34.348054 ], [ -82.526603, 34.348403 ], [ -82.527137, 34.348872 ], [ -82.527288, 34.349024 ], [ -82.527541, 34.349334 ], [ -82.527659, 34.349493 ] ] ] } },
{ "type": "Feature", "properties": { "mukey": "1154991", "musym": "CcB", "muname": "Cecil sandy loam, 2 to 6 percent slopes", "aws025wta": 2.95, "soil_area_m2": 133.16849984884229 }, "geometry": { "type": "Polygon", "coordinates": [ [ [ -82.516474, 34.348272 ], [ -82.516544, 34.348458 ], [ -82.516546, 34.348491 ], [ -82.516495542218252, 34.348600325256342 ], [ -82.516480101708126, 34.348513959924681 ], [ -82.516465440048918, 34.348266167121757 ], [ -82.516474, 34.348272 ] ] ] } },
{ "type": "Feature", "properties": { "mukey": "131787", "musym": "ApB", "muname": "Appling sandy loam, 2 to 6 percent slopes", "aws025wta": 3.5, "soil_area_m2": 93774.242649258609 }, "geometry": { "type": "Polygon", "coordinates": [ [ [ -82.523289, 34.349419 ], [ -82.523606, 34.349459 ], [ -82.523747, 34.349532 ], [ -82.523786, 34.349574 ], [ -82.523854, 34.349754 ], [ -82.523855, 34.349912 ], [ -82.523719, 34.350067 ], [ -82.523463, 34.350125 ], [ -82.522812, 34.350185 ], [ -82.52265, 34.350237 ], [ -82.52244, 34.350352 ], [ -82.522274, 34.350511 ], [ -82.522158, 34.350755 ], [ -82.52206, 34.351011 ], [ -82.52207, 34.351112 ], [ -82.522137, 34.351144 ], [ -82.522205, 34.351148 ], [ -82.523036, 34.351032 ], [ -82.523344, 34.351047 ], [ -82.523528, 34.3511 ], [ -82.523587, 34.351134 ], [ -82.523607, 34.351199 ], [ -82.523488, 34.351429 ], [ -82.523325, 34.351987 ], [ -82.523163, 34.352295 ], [ -82.522938, 34.352448 ], [ -82.522454, 34.352437 ], [ -82.522207, 34.352386 ], [ -82.522097, 34.352427 ], [ -82.522032, 34.352521 ], [ -82.522022, 34.352775 ], [ -82.522046, 34.352799 ], [ -82.522113, 34.352838 ], [ -82.522503, 34.35292 ], [ -82.522531616317067, 34.352929207002269 ], [ -82.522254760402987, 34.352917925612765 ], [ -82.521727112211451, 34.352853007634607 ], [ -82.52120967806853, 34.352745506228935 ], [ -82.52070744187337, 34.352596456829801 ], [ -82.520225241075707, 34.35240729505739 ], [ -82.519992298771257, 34.352291490404184 ], [ -82.519809134346673, 34.352237131813197 ], [ -82.519326936881214, 34.352047970474729 ], [ -82.518869418959838, 34.351820518942418 ], [ -82.518706680395354, 34.351720410268086 ], [ -82.522344, 34.349388 ], [ -82.523289, 34.349419 ] ] ] } },
{ "type": "Feature", "properties": { "mukey": "131794", "musym": "CdC", "muname": "Cecil sandy loam, 6 to 10 percent slopes", "aws025wta": 2.99, "soil_area_m2": 30618.551766850211 }, "geometry": { "type": "Polygon", "coordinates": [ [ [ -82.522503, 34.35292 ], [ -82.522113, 34.352838 ], [ -82.522046, 34.352799 ], [ -82.522022, 34.352775 ], [ -82.522032, 34.352521 ], [ -82.522097, 34.352427 ], [ -82.522207, 34.352386 ], [ -82.522454, 34.352437 ], [ -82.522938, 34.352448 ], [ -82.523163, 34.352295 ], [ -82.523325, 34.351987 ], [ -82.523488, 34.351429 ], [ -82.523607, 34.351199 ], [ -82.523587, 34.351134 ], [ -82.523804, 34.351067 ], [ -82.52429, 34.35069 ], [ -82.524431, 34.350606 ], [ -82.524514, 34.350645 ], [ -82.524774, 34.350661 ], [ -82.525004, 34.350842 ], [ -82.524635, 34.351267 ], [ -82.524419, 34.351711 ], [ -82.524369, 34.351948 ], [ -82.524401, 34.352106 ], [ -82.524511, 34.352253 ], [ -82.524665, 34.352346 ], [ -82.524215674836697, 34.352832605485801 ], [ -82.52411747772031, 34.352853006679645 ], [ -82.523589829554624, 34.352917925088327 ], [ -82.523057049431614, 34.352939634790943 ], [ -82.522787540320508, 34.35293963489265 ], [ -82.522531616317067, 34.352929207002269 ], [ -82.522503, 34.35292 ] ] ] } },
{ "type": "Feature", "properties": { "mukey": "1154985", "musym": "ApB", "muname": "Appling sandy loam, 2 to 6 percent slopes", "aws025wta": 3.5, "soil_area_m2": 661893.20477248752 }, "geometry": { "type": "Polygon", "coordinates": [ [ [ -82.530318, 34.324154 ], [ -82.530421, 34.324145 ], [ -82.530564, 34.324063 ], [ -82.530738, 34.323888 ], [ -82.530747, 34.323626 ], [ -82.530608, 34.323491 ], [ -82.530318, 34.323289 ], [ -82.530234, 34.323164 ], [ -82.530243, 34.322977 ], [ -82.530326, 34.32288 ], [ -82.530831, 34.322608 ], [ -82.530965, 34.322509 ], [ -82.531025, 34.322421 ], [ -82.530983, 34.322155 ], [ -82.53108, 34.322156 ], [ -82.531402, 34.322074 ], [ -82.531688, 34.322079 ], [ -82.531776, 34.32212 ], [ -82.531915, 34.322223 ], [ -82.532032, 34.322418 ], [ -82.532168, 34.322546 ], [ -82.53235, 34.32268 ], [ -82.53241, 34.322706 ], [ -82.532687, 34.322741 ], [ -82.532794, 34.322866 ], [ -82.53284, 34.323037 ], [ -82.532844, 34.323138 ], [ -82.532773, 34.323318 ], [ -82.53279, 34.323525 ], [ -82.532833, 34.323725 ], [ -82.532935, 34.323987 ], [ -82.533093, 34.324161 ], [ -82.533139, 34.324178 ], [ -82.533207, 34.324169 ], [ -82.53332, 34.324084 ], [ -82.533511, 34.324038 ], [ -82.533584, 34.323947 ], [ -82.533689, 34.323645 ], [ -82.53377, 34.323548 ], [ -82.533883, 34.323552 ], [ -82.534054, 34.323532 ], [ -82.53432, 34.323382 ], [ -82.534474, 34.323267 ], [ -82.534566, 34.323167 ], [ -82.53476, 34.322877 ], [ -82.534762, 34.32284 ], [ -82.53485, 34.322674 ], [ -82.534881, 34.322576 ], [ -82.534844, 34.322425 ], [ -82.534777, 34.322346 ], [ -82.534699, 34.322318 ], [ -82.534171, 34.322336 ], [ -82.533954, 34.322278 ], [ -82.533868, 34.322243 ], [ -82.533699, 34.322086 ], [ -82.533669, 34.32208 ], [ -82.533629, 34.322043 ], [ -82.533624, 34.321993 ], [ -82.533512, 34.321858 ], [ -82.533467, 34.321751 ], [ -82.533306, 34.321209 ], [ -82.533302, 34.321013 ], [ -82.533381, 34.320886 ], [ -82.533523, 34.320761 ], [ -82.534118, 34.3205 ], [ -82.534718, 34.3204 ], [ -82.535367, 34.320155 ], [ -82.53562, 34.320134 ], [ -82.53603, 34.320251 ], [ -82.536451, 34.320289 ], [ -82.536537, 34.320281 ], [ -82.536687, 34.320201 ], [ -82.536848, 34.320013 ], [ -82.536828, 34.319693 ], [ -82.536699, 34.319505 ], [ -82.53658, 34.31941 ], [ -82.53597, 34.319203 ], [ -82.535798, 34.319131 ], [ -82.535711, 34.319066 ], [ -82.535191, 34.318489 ], [ -82.535171, 34.318307 ], [ -82.535219, 34.318179 ], [ -82.53539, 34.318063 ], [ -82.535657, 34.318072 ], [ -82.535434, 34.318448 ], [ -82.535457, 34.318519 ], [ -82.535613, 34.318517 ], [ -82.535766, 34.318574 ], [ -82.536051, 34.318528 ], [ -82.536061, 34.318378 ], [ -82.536022, 34.318247 ], [ -82.535839, 34.318066 ], [ -82.53593, 34.318025 ], [ -82.536437, 34.317934 ], [ -82.536639, 34.31782 ], [ -82.53683, 34.317564 ], [ -82.53707, 34.31734 ], [ -82.537495, 34.317135 ], [ -82.537767, 34.317145 ], [ -82.537991, 34.317209 ], [ -82.538397, 34.317473 ], [ -82.538783, 34.317641 ], [ -82.538979, 34.317614 ], [ -82.539242, 34.31755 ], [ -82.539377, 34.317543 ], [ -82.539443, 34.317558 ], [ -82.539638, 34.317653 ], [ -82.539885, 34.317651 ], [ -82.54012, 34.317578 ], [ -82.540223, 34.317475 ], [ -82.540237, 34.317443 ], [ -82.540217, 34.317342 ], [ -82.540072, 34.317202 ], [ -82.539959, 34.316999 ], [ -82.539957, 34.316651 ], [ -82.539985, 34.316536 ], [ -82.53999, 34.316338 ], [ -82.539816, 34.316132 ], [ -82.539586, 34.316084 ], [ -82.539216, 34.316096 ], [ -82.538954, 34.316158 ], [ -82.538736, 34.316229 ], [ -82.538528, 34.316336 ], [ -82.53839, 34.316358 ], [ -82.538288, 34.31633 ], [ -82.53822, 34.316288 ], [ -82.538191, 34.316289 ], [ -82.537806, 34.316124 ], [ -82.537334, 34.316096 ], [ -82.537124, 34.316132 ], [ -82.536641, 34.316317 ], [ -82.536328, 34.316332 ], [ -82.536197, 34.316305 ], [ -82.536151, 34.316275 ], [ -82.536074, 34.316217 ], [ -82.535901, 34.316023 ], [ -82.535723, 34.315958 ], [ -82.535457, 34.315951 ], [ -82.535199, 34.31603 ], [ -82.535161, 34.316067 ], [ -82.534858, 34.316237 ], [ -82.534802, 34.316299 ], [ -82.534672178973793, 34.316403679862461 ], [ -82.53489411630234, 34.316017834968299 ], [ -82.535172338843282, 34.315636386462586 ], [ -82.535494609965468, 34.315279606824589 ], [ -82.535764109633334, 34.315010120788287 ], [ -82.536121999934409, 34.314685827564446 ], [ -82.53651626103975, 34.314392006450539 ], [ -82.536943142073255, 34.314131452482883 ], [ -82.537398581972823, 34.313906644208487 ], [ -82.537878248118389, 34.313719720116737 ], [ -82.538377577538114, 34.313572458305515 ], [ -82.538891820300975, 34.313466259574859 ], [ -82.53937197788153, 34.313407529127602 ], [ -82.539372, 34.313409 ], [ -82.539372, 34.313516 ], [ -82.539377, 34.313542 ], [ -82.539391, 34.313643 ], [ -82.539469, 34.313751 ], [ -82.539531, 34.31388 ], [ -82.539562, 34.313971 ], [ -82.539561, 34.314054 ], [ -82.53955, 34.31415 ], [ -82.539532, 34.314229 ], [ -82.539553, 34.314297 ], [ -82.539581, 34.314314 ], [ -82.539647, 34.314332 ], [ -82.539862, 34.314334 ], [ -82.539945, 34.314331 ], [ -82.540043, 34.314302 ], [ -82.540222, 34.314199 ], [ -82.540365, 34.314091 ], [ -82.54062, 34.313899 ], [ -82.540644, 34.313876 ], [ -82.540647, 34.313832 ], [ -82.540599, 34.313784 ], [ -82.540393, 34.313727 ], [ -82.540235, 34.313694 ], [ -82.54016, 34.313656 ], [ -82.540036, 34.31356 ], [ -82.539931, 34.313447 ], [ -82.539879157266469, 34.313383374869574 ], [ -82.53994538368373, 34.313380691869682 ], [ -82.540214863842166, 34.313380692260793 ], [ -82.540484364606925, 34.313380692913199 ], [ -82.540843682184502, 34.313380693444607 ], [ -82.541113175297681, 34.313380693652419 ], [ -82.541741990709824, 34.313380694535418 ], [ -82.542011522257297, 34.31338069607844 ], [ -82.542392519215511, 34.313396133327053 ], [ -82.542439, 34.314217 ], [ -82.542396, 34.314344 ], [ -82.542399, 34.3144 ], [ -82.541743, 34.314372 ], [ -82.54138, 34.314396 ], [ -82.540875, 34.314552 ], [ -82.540851, 34.314575 ], [ -82.54087, 34.314665 ], [ -82.540997, 34.314807 ], [ -82.541483, 34.315045 ], [ -82.542092, 34.315275 ], [ -82.542191, 34.315378 ], [ -82.542243, 34.315529 ], [ -82.542239, 34.315616 ], [ -82.542114, 34.315751 ], [ -82.54205, 34.31578 ], [ -82.541498, 34.315937 ], [ -82.541209, 34.316005 ], [ -82.541151, 34.316043 ], [ -82.541119, 34.316094 ], [ -82.541145, 34.316179 ], [ -82.54137, 34.316381 ], [ -82.542046, 34.316435 ], [ -82.542126, 34.316453 ], [ -82.542297, 34.316546 ], [ -82.542298, 34.31657 ], [ -82.542207, 34.316656 ], [ -82.541977, 34.316755 ], [ -82.541611, 34.316811 ], [ -82.541265, 34.316883 ], [ -82.541072, 34.316983 ], [ -82.541062, 34.317094 ], [ -82.54111, 34.317173 ], [ -82.541165, 34.317219 ], [ -82.541318, 34.317299 ], [ -82.541395, 34.317306 ], [ -82.541773, 34.317406 ], [ -82.541987, 34.317566 ], [ -82.542199, 34.317576 ], [ -82.542447, 34.317567 ], [ -82.542632, 34.317465 ], [ -82.542862, 34.317423 ], [ -82.54321, 34.317489 ], [ -82.543422, 34.317636 ], [ -82.543485, 34.317735 ], [ -82.543503, 34.317977 ], [ -82.543491, 34.31809 ], [ -82.543445, 34.318197 ], [ -82.543372, 34.318291 ], [ -82.543197, 34.318443 ], [ -82.542959, 34.318536 ], [ -82.542169, 34.318609 ], [ -82.541753, 34.318686 ], [ -82.541716, 34.318705 ], [ -82.541542, 34.318925 ], [ -82.541387, 34.318949 ], [ -82.541276, 34.318927 ], [ -82.541101, 34.318749 ], [ -82.540899, 34.318648 ], [ -82.540769, 34.318614 ], [ -82.540215, 34.318606 ], [ -82.539885, 34.318562 ], [ -82.539372, 34.318419 ], [ -82.539257, 34.31836 ], [ -82.539092, 34.318318 ], [ -82.538743, 34.318195 ], [ -82.538465, 34.318162 ], [ -82.538222, 34.318153 ], [ -82.537917, 34.318189 ], [ -82.537661, 34.318292 ], [ -82.537275, 34.318392 ], [ -82.53701, 34.318506 ], [ -82.536911, 34.3186 ], [ -82.536828, 34.31882 ], [ -82.536832, 34.318937 ], [ -82.53688, 34.318993 ], [ -82.537006, 34.319041 ], [ -82.537538, 34.319064 ], [ -82.538076, 34.31913 ], [ -82.538348, 34.319221 ], [ -82.538905, 34.319235 ], [ -82.538975, 34.319267 ], [ -82.538995, 34.319299 ], [ -82.539007, 34.319414 ], [ -82.538984, 34.319459 ], [ -82.538858, 34.319598 ], [ -82.538536, 34.319758 ], [ -82.537959, 34.319846 ], [ -82.537778, 34.319923 ], [ -82.537586, 34.320098 ], [ -82.537514, 34.320276 ], [ -82.537419, 34.320392 ], [ -82.536824, 34.3206 ], [ -82.536754, 34.320669 ], [ -82.536621, 34.320866 ], [ -82.536643, 34.321034 ], [ -82.536784, 34.321295 ], [ -82.536703, 34.321348 ], [ -82.536434, 34.321358 ], [ -82.536055, 34.32116 ], [ -82.535814, 34.321165 ], [ -82.535604, 34.321235 ], [ -82.535337, 34.321479 ], [ -82.535287, 34.321548 ], [ -82.535227, 34.321731 ], [ -82.53523, 34.321901 ], [ -82.53529, 34.32209 ], [ -82.53538, 34.322175 ], [ -82.535517, 34.322233 ], [ -82.535729, 34.322265 ], [ -82.536314, 34.322227 ], [ -82.536413, 34.322308 ], [ -82.536403, 34.322437 ], [ -82.536342, 34.322578 ], [ -82.536211, 34.322711 ], [ -82.53613, 34.322826 ], [ -82.536066, 34.323188 ], [ -82.536008, 34.32339 ], [ -82.535861, 34.323459 ], [ -82.53533, 34.323604 ], [ -82.53483, 34.323654 ], [ -82.534725, 34.323751 ], [ -82.534706, 34.323813 ], [ -82.534724, 34.323939 ], [ -82.534711, 34.324424 ], [ -82.534627, 34.324602 ], [ -82.534533, 34.324745 ], [ -82.534509, 34.324842 ], [ -82.534539, 34.32533 ], [ -82.534554, 34.32538 ], [ -82.534634, 34.325439 ], [ -82.534907, 34.325477 ], [ -82.535167, 34.325481 ], [ -82.534564, 34.32604 ], [ -82.534199, 34.326622 ], [ -82.534043, 34.326999 ], [ -82.534018, 34.327227 ], [ -82.534034, 34.32733 ], [ -82.53381, 34.327249 ], [ -82.533652, 34.327127 ], [ -82.533278, 34.326573 ], [ -82.533161, 34.326098 ], [ -82.533159, 34.32563 ], [ -82.533062, 34.325417 ], [ -82.532899, 34.325287 ], [ -82.532608, 34.325258 ], [ -82.532498, 34.325281 ], [ -82.532358, 34.32541 ], [ -82.532344, 34.325592 ], [ -82.532302, 34.325699 ], [ -82.532324, 34.325926 ], [ -82.532447, 34.326209 ], [ -82.532476, 34.32641 ], [ -82.532411, 34.326653 ], [ -82.532413, 34.327118 ], [ -82.532528, 34.32733 ], [ -82.532762, 34.32761 ], [ -82.532626, 34.327838 ], [ -82.532475, 34.327995 ], [ -82.532143, 34.328219 ], [ -82.531912, 34.328304 ], [ -82.531726, 34.328301 ], [ -82.531572, 34.328247 ], [ -82.531302, 34.328033 ], [ -82.531074, 34.327692 ], [ -82.530987, 34.327608 ], [ -82.530778, 34.327497 ], [ -82.530632, 34.327501 ], [ -82.530477, 34.327602 ], [ -82.530401, 34.327686 ], [ -82.530312, 34.327972 ], [ -82.529933, 34.328684 ], [ -82.529792, 34.328838 ], [ -82.529475, 34.329126 ], [ -82.529461, 34.329281 ], [ -82.529571, 34.329587 ], [ -82.529613, 34.329843 ], [ -82.529231, 34.329775 ], [ -82.52875, 34.329557 ], [ -82.528379, 34.329194 ], [ -82.528198, 34.328948 ], [ -82.527959, 34.328761 ], [ -82.527726, 34.328699 ], [ -82.527216, 34.328743 ], [ -82.527019, 34.328773 ], [ -82.526968, 34.328801 ], [ -82.526877, 34.328926 ], [ -82.526873, 34.329043 ], [ -82.526889, 34.329096 ], [ -82.527024, 34.329239 ], [ -82.527354, 34.329475 ], [ -82.527464, 34.329507 ], [ -82.527786, 34.329669 ], [ -82.528088, 34.329993 ], [ -82.528161, 34.330138 ], [ -82.528141, 34.330191 ], [ -82.527685, 34.330366 ], [ -82.527453, 34.330533 ], [ -82.527282, 34.330729 ], [ -82.527174, 34.330914 ], [ -82.526901, 34.331162 ], [ -82.526847, 34.331177 ], [ -82.526712, 34.331183 ], [ -82.526597, 34.33114 ], [ -82.526524, 34.331065 ], [ -82.526507, 34.330866 ], [ -82.526514, 34.330769 ], [ -82.526642, 34.330537 ], [ -82.526685, 34.330402 ], [ -82.526675, 34.33017 ], [ -82.526617, 34.32997 ], [ -82.526496, 34.329781 ], [ -82.526308, 34.329598 ], [ -82.525702, 34.329215 ], [ -82.525611, 34.329134 ], [ -82.525568, 34.329042 ], [ -82.52555, 34.328915 ], [ -82.525594, 34.328644 ], [ -82.525805, 34.328283 ], [ -82.526126, 34.327969 ], [ -82.526313, 34.327878 ], [ -82.526558, 34.327812 ], [ -82.527002, 34.327779 ], [ -82.527355, 34.327828 ], [ -82.527616, 34.327914 ], [ -82.52778, 34.327921 ], [ -82.527969, 34.327868 ], [ -82.528153, 34.327741 ], [ -82.528222, 34.327709 ], [ -82.528427, 34.327521 ], [ -82.52848, 34.327454 ], [ -82.528565, 34.327233 ], [ -82.528566, 34.327104 ], [ -82.528536, 34.326925 ], [ -82.528409, 34.326616 ], [ -82.528309, 34.326134 ], [ -82.528351, 34.325737 ], [ -82.528383, 34.32568 ], [ -82.528538, 34.32555 ], [ -82.529052, 34.325332 ], [ -82.529476, 34.325084 ], [ -82.529651, 34.324894 ], [ -82.529697, 34.324769 ], [ -82.529865, 34.324453 ], [ -82.530083, 34.324167 ], [ -82.530169, 34.324136 ], [ -82.530318, 34.324154 ] ] ] } },
{ "type": "Feature", "properties": { "mukey": "1155022", "musym": "W", "muname": "Water", "aws025wta": null, "soil_area_m2": 7604.0121465569173 }, "geometry": { "type": "Polygon", "coordinates": [ [ [ -82.539931, 34.313447 ], [ -82.540036, 34.31356 ], [ -82.54016, 34.313656 ], [ -82.540235, 34.313694 ], [ -82.540393, 34.313727 ], [ -82.540599, 34.313784 ], [ -82.540647, 34.313832 ], [ -82.540644, 34.313876 ], [ -82.54062, 34.313899 ], [ -82.540365, 34.314091 ], [ -82.540222, 34.314199 ], [ -82.540043, 34.314302 ], [ -82.539945, 34.314331 ], [ -82.539862, 34.314334 ], [ -82.539647, 34.314332 ], [ -82.539581, 34.314314 ], [ -82.539553, 34.314297 ], [ -82.539532, 34.314229 ], [ -82.53955, 34.31415 ], [ -82.539561, 34.314054 ], [ -82.539562, 34.313971 ], [ -82.539531, 34.31388 ], [ -82.539469, 34.313751 ], [ -82.539391, 34.313643 ], [ -82.539377, 34.313542 ], [ -82.539372, 34.313516 ], [ -82.539372, 34.313409 ], [ -82.53937197788153, 34.313407529127602 ], [ -82.539416084683793, 34.313402134108486 ], [ -82.539879157266469, 34.313383374869574 ], [ -82.539931, 34.313447 ] ] ] } },
{ "type": "Feature", "properties": { "mukey": "1154986", "musym": "ApC", "muname": "Appling sandy loam, 6 to 10 percent slopes", "aws025wta": 3.47, "soil_area_m2": 139067.64064551968 }, "geometry": { "type": "Polygon", "coordinates": [ [ [ -82.537691, 34.320919 ], [ -82.537576, 34.32094 ], [ -82.537102, 34.321223 ], [ -82.53682, 34.321272 ], [ -82.536784, 34.321295 ], [ -82.536643, 34.321034 ], [ -82.536621, 34.320866 ], [ -82.536754, 34.320669 ], [ -82.536824, 34.3206 ], [ -82.537419, 34.320392 ], [ -82.537514, 34.320276 ], [ -82.537586, 34.320098 ], [ -82.537778, 34.319923 ], [ -82.537959, 34.319846 ], [ -82.538536, 34.319758 ], [ -82.538858, 34.319598 ], [ -82.538984, 34.319459 ], [ -82.539007, 34.319414 ], [ -82.538995, 34.319299 ], [ -82.538975, 34.319267 ], [ -82.538905, 34.319235 ], [ -82.538348, 34.319221 ], [ -82.538076, 34.31913 ], [ -82.537538, 34.319064 ], [ -82.537006, 34.319041 ], [ -82.53688, 34.318993 ], [ -82.536832, 34.318937 ], [ -82.536828, 34.31882 ], [ -82.536911, 34.3186 ], [ -82.53701, 34.318506 ], [ -82.537275, 34.318392 ], [ -82.537661, 34.318292 ], [ -82.537917, 34.318189 ], [ -82.538222, 34.318153 ], [ -82.538465, 34.318162 ], [ -82.538743, 34.318195 ], [ -82.539092, 34.318318 ], [ -82.539257, 34.31836 ], [ -82.539372, 34.318419 ], [ -82.539885, 34.318562 ], [ -82.540215, 34.318606 ], [ -82.540769, 34.318614 ], [ -82.540899, 34.318648 ], [ -82.541101, 34.318749 ], [ -82.541276, 34.318927 ], [ -82.541387, 34.318949 ], [ -82.541542, 34.318925 ], [ -82.541716, 34.318705 ], [ -82.541753, 34.318686 ], [ -82.542169, 34.318609 ], [ -82.542959, 34.318536 ], [ -82.543197, 34.318443 ], [ -82.543372, 34.318291 ], [ -82.543445, 34.318197 ], [ -82.543491, 34.31809 ], [ -82.543503, 34.317977 ], [ -82.543485, 34.317735 ], [ -82.543422, 34.317636 ], [ -82.54321, 34.317489 ], [ -82.542862, 34.317423 ], [ -82.542632, 34.317465 ], [ -82.542447, 34.317567 ], [ -82.542199, 34.317576 ], [ -82.541987, 34.317566 ], [ -82.541773, 34.317406 ], [ -82.541395, 34.317306 ], [ -82.541318, 34.317299 ], [ -82.541165, 34.317219 ], [ -82.54111, 34.317173 ], [ -82.541062, 34.317094 ], [ -82.541072, 34.316983 ], [ -82.541265, 34.316883 ], [ -82.541611, 34.316811 ], [ -82.541977, 34.316755 ], [ -82.542207, 34.316656 ], [ -82.542298, 34.31657 ], [ -82.542297, 34.316546 ], [ -82.542126, 34.316453 ], [ -82.542046, 34.316435 ], [ -82.54137, 34.316381 ], [ -82.541145, 34.316179 ], [ -82.541119, 34.316094 ], [ -82.541151, 34.316043 ], [ -82.541209, 34.316005 ], [ -82.541498, 34.315937 ], [ -82.54205, 34.31578 ], [ -82.542114, 34.315751 ], [ -82.542239, 34.315616 ], [ -82.542243, 34.315529 ], [ -82.542191, 34.315378 ], [ -82.542092, 34.315275 ], [ -82.541483, 34.315045 ], [ -82.540997, 34.314807 ], [ -82.54087, 34.314665 ], [ -82.540851, 34.314575 ], [ -82.540875, 34.314552 ], [ -82.54138, 34.314396 ], [ -82.541743, 34.314372 ], [ -82.542399, 34.3144 ], [ -82.542404, 34.314558 ], [ -82.542268, 34.314753 ], [ -82.542275, 34.314871 ], [ -82.542363, 34.315119 ], [ -82.542635, 34.315449 ], [ -82.542769, 34.315831 ], [ -82.542858, 34.316987 ], [ -82.543127, 34.317251 ], [ -82.543655, 34.317445 ], [ -82.543832, 34.317594 ], [ -82.544022, 34.317872 ], [ -82.544105, 34.318086 ], [ -82.544126, 34.318445 ], [ -82.54409, 34.318586 ], [ -82.544021, 34.318691 ], [ -82.543787, 34.318846 ], [ -82.543455, 34.318897 ], [ -82.543076, 34.318983 ], [ -82.542691, 34.319175 ], [ -82.542421, 34.319191 ], [ -82.542133, 34.319137 ], [ -82.541889, 34.319133 ], [ -82.541793, 34.319162 ], [ -82.541588, 34.319291 ], [ -82.541513, 34.319413 ], [ -82.541484, 34.319572 ], [ -82.5415, 34.319614 ], [ -82.541608, 34.319701 ], [ -82.541834, 34.319773 ], [ -82.542078, 34.319828 ], [ -82.542412, 34.319981 ], [ -82.542128, 34.319991 ], [ -82.541078, 34.320187 ], [ -82.539399, 34.320328 ], [ -82.539223, 34.320368 ], [ -82.538952, 34.320622 ], [ -82.538546, 34.321255 ], [ -82.538404, 34.321415 ], [ -82.53809, 34.321697 ], [ -82.537959, 34.321785 ], [ -82.537911, 34.321796 ], [ -82.537838, 34.321804 ], [ -82.537717, 34.321765 ], [ -82.537667, 34.321689 ], [ -82.537663, 34.321477 ], [ -82.537752, 34.321269 ], [ -82.53781, 34.32108 ], [ -82.537802, 34.320963 ], [ -82.537754, 34.320923 ], [ -82.537691, 34.320919 ] ], [ [ -82.540436, 34.31995 ], [ -82.540486, 34.319976 ], [ -82.540529, 34.31999 ], [ -82.54059, 34.319989 ], [ -82.540676, 34.319971 ], [ -82.540724, 34.319958 ], [ -82.540755, 34.319952 ], [ -82.540784, 34.319922 ], [ -82.540859, 34.319761 ], [ -82.540905, 34.31931 ], [ -82.540881, 34.319227 ], [ -82.540834, 34.319203 ], [ -82.54073, 34.319185 ], [ -82.540594, 34.319152 ], [ -82.540385, 34.319168 ], [ -82.540304, 34.319152 ], [ -82.540197, 34.319111 ], [ -82.540084, 34.319067 ], [ -82.539991, 34.319033 ], [ -82.539868, 34.319034 ], [ -82.539713, 34.319081 ], [ -82.539642, 34.319097 ], [ -82.539608, 34.319157 ], [ -82.539609, 34.319192 ], [ -82.539721, 34.319217 ], [ -82.539836, 34.319206 ], [ -82.539943, 34.319231 ], [ -82.539993, 34.319259 ], [ -82.540028, 34.319304 ], [ -82.540069, 34.319337 ], [ -82.540112, 34.319346 ], [ -82.540155, 34.319348 ], [ -82.540181, 34.319356 ], [ -82.540208, 34.319407 ], [ -82.540247, 34.319482 ], [ -82.540245, 34.319518 ], [ -82.540205, 34.319564 ], [ -82.54006, 34.319645 ], [ -82.539957, 34.319691 ], [ -82.539814, 34.319722 ], [ -82.539742, 34.319706 ], [ -82.539647, 34.319676 ], [ -82.539531, 34.319644 ], [ -82.539459, 34.319647 ], [ -82.539393, 34.319658 ], [ -82.539367, 34.31968 ], [ -82.539371, 34.319703 ], [ -82.539388, 34.319718 ], [ -82.539426, 34.319734 ], [ -82.539542, 34.319799 ], [ -82.539595, 34.319839 ], [ -82.53965, 34.319866 ], [ -82.539711, 34.319897 ], [ -82.539768, 34.319916 ], [ -82.539869, 34.319921 ], [ -82.539958, 34.319913 ], [ -82.540059, 34.319886 ], [ -82.540156, 34.319911 ], [ -82.540237, 34.31991 ], [ -82.540298, 34.319914 ], [ -82.540436, 34.31995 ] ] ] } },
{ "type": "Feature", "properties": { "mukey": "1155022", "musym": "W", "muname": "Water", "aws025wta": null, "soil_area_m2": 2317.6911839881927 }, "geometry": { "type": "Polygon", "coordinates": [ [ [ -82.535737, 34.318053 ], [ -82.535839, 34.318066 ], [ -82.536022, 34.318247 ], [ -82.536061, 34.318378 ], [ -82.536051, 34.318528 ], [ -82.535766, 34.318574 ], [ -82.535613, 34.318517 ], [ -82.535457, 34.318519 ], [ -82.535434, 34.318448 ], [ -82.535657, 34.318072 ], [ -82.535737, 34.318053 ] ] ] } },
{ "type": "Feature", "properties": { "mukey": "1155022", "musym": "W", "muname": "Water", "aws025wta": null, "soil_area_m2": 8130.4372599612816 }, "geometry": { "type": "Polygon", "coordinates": [ [ [ -82.540237, 34.31991 ], [ -82.540156, 34.319911 ], [ -82.540059, 34.319886 ], [ -82.539958, 34.319913 ], [ -82.539869, 34.319921 ], [ -82.539768, 34.319916 ], [ -82.539711, 34.319897 ], [ -82.53965, 34.319866 ], [ -82.539595, 34.319839 ], [ -82.539542, 34.319799 ], [ -82.539426, 34.319734 ], [ -82.539388, 34.319718 ], [ -82.539371, 34.319703 ], [ -82.539367, 34.31968 ], [ -82.539393, 34.319658 ], [ -82.539459, 34.319647 ], [ -82.539531, 34.319644 ], [ -82.539647, 34.319676 ], [ -82.539742, 34.319706 ], [ -82.539814, 34.319722 ], [ -82.539957, 34.319691 ], [ -82.54006, 34.319645 ], [ -82.540205, 34.319564 ], [ -82.540245, 34.319518 ], [ -82.540247, 34.319482 ], [ -82.540208, 34.319407 ], [ -82.540181, 34.319356 ], [ -82.540155, 34.319348 ], [ -82.540112, 34.319346 ], [ -82.540069, 34.319337 ], [ -82.540028, 34.319304 ], [ -82.539993, 34.319259 ], [ -82.539943, 34.319231 ], [ -82.539836, 34.319206 ], [ -82.539721, 34.319217 ], [ -82.539609, 34.319192 ], [ -82.539608, 34.319157 ], [ -82.539642, 34.319097 ], [ -82.539713, 34.319081 ], [ -82.539868, 34.319034 ], [ -82.539991, 34.319033 ], [ -82.540084, 34.319067 ], [ -82.540197, 34.319111 ], [ -82.540304, 34.319152 ], [ -82.540385, 34.319168 ], [ -82.540594, 34.319152 ], [ -82.54073, 34.319185 ], [ -82.540834, 34.319203 ], [ -82.540881, 34.319227 ], [ -82.540905, 34.31931 ], [ -82.540859, 34.319761 ], [ -82.540784, 34.319922 ], [ -82.540755, 34.319952 ], [ -82.540724, 34.319958 ], [ -82.540676, 34.319971 ], [ -82.54059, 34.319989 ], [ -82.540529, 34.31999 ], [ -82.540486, 34.319976 ], [ -82.540436, 34.31995 ], [ -82.540298, 34.319914 ], [ -82.540237, 34.31991 ] ] ] } },
{ "type": "Feature", "properties": { "mukey": "1154991", "musym": "CcB", "muname": "Cecil sandy loam, 2 to 6 percent slopes", "aws025wta": 2.95, "soil_area_m2": 135224.38687272434 }, "geometry": { "type": "Polygon", "coordinates": [ [ [ -82.536066, 34.323188 ], [ -82.53613, 34.322826 ], [ -82.536211, 34.322711 ], [ -82.536342, 34.322578 ], [ -82.536403, 34.322437 ], [ -82.536413, 34.322308 ], [ -82.536314, 34.322227 ], [ -82.535729, 34.322265 ], [ -82.535517, 34.322233 ], [ -82.53538, 34.322175 ], [ -82.53529, 34.32209 ], [ -82.53523, 34.321901 ], [ -82.535227, 34.321731 ], [ -82.535287, 34.321548 ], [ -82.535337, 34.321479 ], [ -82.535604, 34.321235 ], [ -82.535814, 34.321165 ], [ -82.536055, 34.32116 ], [ -82.536434, 34.321358 ], [ -82.536703, 34.321348 ], [ -82.536784, 34.321295 ], [ -82.53682, 34.321272 ], [ -82.537102, 34.321223 ], [ -82.537576, 34.32094 ], [ -82.537691, 34.320919 ], [ -82.537754, 34.320923 ], [ -82.537802, 34.320963 ], [ -82.53781, 34.32108 ], [ -82.537752, 34.321269 ], [ -82.537663, 34.321477 ], [ -82.537667, 34.321689 ], [ -82.537717, 34.321765 ], [ -82.537838, 34.321804 ], [ -82.537911, 34.321796 ], [ -82.537959, 34.321785 ], [ -82.53809, 34.321697 ], [ -82.538404, 34.321415 ], [ -82.538546, 34.321255 ], [ -82.538952, 34.320622 ], [ -82.539223, 34.320368 ], [ -82.539399, 34.320328 ], [ -82.541078, 34.320187 ], [ -82.542128, 34.319991 ], [ -82.542412, 34.319981 ], [ -82.542728, 34.319865 ], [ -82.542856, 34.31984 ], [ -82.543084, 34.319844 ], [ -82.543178, 34.319948 ], [ -82.543207, 34.32017 ], [ -82.543141, 34.320447 ], [ -82.542866, 34.320807 ], [ -82.542493, 34.321175 ], [ -82.541563, 34.321975 ], [ -82.541225, 34.32205 ], [ -82.541124, 34.3221 ], [ -82.540965, 34.322137 ], [ -82.540086, 34.322084 ], [ -82.539852, 34.322104 ], [ -82.539578, 34.322162 ], [ -82.539489, 34.3222 ], [ -82.539279, 34.322334 ], [ -82.538645, 34.322895 ], [ -82.538334, 34.323048 ], [ -82.538232, 34.323069 ], [ -82.538161, 34.32306 ], [ -82.537876, 34.322989 ], [ -82.537717, 34.322983 ], [ -82.537616, 34.323015 ], [ -82.537495, 34.323098 ], [ -82.537435, 34.323223 ], [ -82.537242, 34.323438 ], [ -82.536982, 34.323614 ], [ -82.536719, 34.32358 ], [ -82.536509, 34.323501 ], [ -82.536056, 34.32342 ], [ -82.536008, 34.32339 ], [ -82.536066, 34.323188 ] ] ] } },
{ "type": "Feature", "properties": { "mukey": "1154986", "musym": "ApC", "muname": "Appling sandy loam, 6 to 10 percent slopes", "aws025wta": 3.47, "soil_area_m2": 181328.6257964434 }, "geometry": { "type": "Polygon", "coordinates": [ [ [ -82.537242, 34.323438 ], [ -82.537435, 34.323223 ], [ -82.537495, 34.323098 ], [ -82.537616, 34.323015 ], [ -82.537717, 34.322983 ], [ -82.537876, 34.322989 ], [ -82.538161, 34.32306 ], [ -82.538232, 34.323069 ], [ -82.538334, 34.323048 ], [ -82.538645, 34.322895 ], [ -82.539279, 34.322334 ], [ -82.539489, 34.3222 ], [ -82.539578, 34.322162 ], [ -82.539852, 34.322104 ], [ -82.540086, 34.322084 ], [ -82.540965, 34.322137 ], [ -82.541124, 34.3221 ], [ -82.541225, 34.32205 ], [ -82.541563, 34.321975 ], [ -82.541298, 34.322278 ], [ -82.541276, 34.322419 ], [ -82.541308, 34.322494 ], [ -82.541348, 34.322526 ], [ -82.541566, 34.322581 ], [ -82.541959, 34.322514 ], [ -82.542076, 34.322451 ], [ -82.542449, 34.32233 ], [ -82.542941, 34.322014 ], [ -82.543312, 34.321636 ], [ -82.543458, 34.321411 ], [ -82.543473, 34.32131 ], [ -82.543612, 34.320862 ], [ -82.54389, 34.320322 ], [ -82.54394, 34.320195 ], [ -82.544122, 34.320015 ], [ -82.544254, 34.319939 ], [ -82.544564, 34.319919 ], [ -82.544906, 34.320022 ], [ -82.545098, 34.320111 ], [ -82.545306, 34.320262 ], [ -82.545456, 34.320534 ], [ -82.545523, 34.320725 ], [ -82.54553, 34.320892 ], [ -82.545444, 34.321185 ], [ -82.545328, 34.321366 ], [ -82.545225, 34.321623 ], [ -82.545262, 34.321731 ], [ -82.5454, 34.321856 ], [ -82.545618, 34.32186 ], [ -82.545783, 34.321834 ], [ -82.545871, 34.321765 ], [ -82.545991, 34.321582 ], [ -82.546249, 34.321359 ], [ -82.546294, 34.321338 ], [ -82.546479, 34.321336 ], [ -82.546574, 34.321433 ], [ -82.546591, 34.321612 ], [ -82.546564, 34.32179 ], [ -82.546499, 34.321939 ], [ -82.546481, 34.322163 ], [ -82.546503, 34.322205 ], [ -82.54665, 34.322316 ], [ -82.546822, 34.322322 ], [ -82.54692, 34.322261 ], [ -82.547198, 34.321993 ], [ -82.547337, 34.321754 ], [ -82.547398, 34.321693 ], [ -82.547491, 34.321673 ], [ -82.547586, 34.32163 ], [ -82.547935, 34.321391 ], [ -82.548114, 34.321343 ], [ -82.548253, 34.321358 ], [ -82.548421, 34.321523 ], [ -82.548456, 34.321605 ], [ -82.548439, 34.321812 ], [ -82.548342, 34.322039 ], [ -82.547938, 34.322619 ], [ -82.547518, 34.323052 ], [ -82.547281, 34.323215 ], [ -82.547184, 34.323334 ], [ -82.546945, 34.323517 ], [ -82.546903, 34.323521 ], [ -82.546745, 34.323642 ], [ -82.546376, 34.323755 ], [ -82.545276, 34.323812 ], [ -82.545688, 34.323427 ], [ -82.545727, 34.323368 ], [ -82.545755, 34.323118 ], [ -82.545699, 34.32302 ], [ -82.545559, 34.322897 ], [ -82.545272, 34.322776 ], [ -82.545052, 34.322727 ], [ -82.544368, 34.322656 ], [ -82.543811, 34.32262 ], [ -82.543362, 34.322658 ], [ -82.543095, 34.322749 ], [ -82.542939, 34.322854 ], [ -82.542504, 34.323488 ], [ -82.542434, 34.323785 ], [ -82.54236, 34.323927 ], [ -82.542252, 34.32405 ], [ -82.542139, 34.324148 ], [ -82.541965, 34.324209 ], [ -82.541762, 34.324221 ], [ -82.541485, 34.324126 ], [ -82.541263, 34.323939 ], [ -82.541088, 34.323651 ], [ -82.540939, 34.32357 ], [ -82.540826, 34.323546 ], [ -82.540632, 34.323574 ], [ -82.540481, 34.323638 ], [ -82.539827, 34.324114 ], [ -82.539282, 34.324108 ], [ -82.539189, 34.32409 ], [ -82.539067, 34.323993 ], [ -82.538977, 34.323824 ], [ -82.538832, 34.323703 ], [ -82.538729, 34.32366 ], [ -82.53862, 34.323643 ], [ -82.538433, 34.323668 ], [ -82.538357, 34.323709 ], [ -82.537449, 34.324031 ], [ -82.537215, 34.324056 ], [ -82.537086, 34.324018 ], [ -82.53696, 34.32393 ], [ -82.536982, 34.323614 ], [ -82.537242, 34.323438 ] ] ] } },
{ "type": "Feature", "properties": { "mukey": "1154988", "musym": "CaB", "muname": "Cataula sandy loam, 2 to 6 percent slopes", "aws025wta": 3.35, "soil_area_m2": 60572.704720714806 }, "geometry": { "type": "Polygon", "coordinates": [ [ [ -82.536056, 34.32342 ], [ -82.536509, 34.323501 ], [ -82.536719, 34.32358 ], [ -82.536982, 34.323614 ], [ -82.53696, 34.32393 ], [ -82.537086, 34.324018 ], [ -82.537215, 34.324056 ], [ -82.537449, 34.324031 ], [ -82.538357, 34.323709 ], [ -82.538433, 34.323668 ], [ -82.53862, 34.323643 ], [ -82.538729, 34.32366 ], [ -82.538832, 34.323703 ], [ -82.538977, 34.323824 ], [ -82.539067, 34.323993 ], [ -82.539189, 34.32409 ], [ -82.539282, 34.324108 ], [ -82.539827, 34.324114 ], [ -82.53975, 34.324203 ], [ -82.539245, 34.324586 ], [ -82.539092, 34.3248 ], [ -82.538961, 34.325068 ], [ -82.538651, 34.325141 ], [ -82.538379, 34.325134 ], [ -82.538171, 34.325042 ], [ -82.537943, 34.324808 ], [ -82.537771, 34.324731 ], [ -82.537583, 34.324707 ], [ -82.537179, 34.324723 ], [ -82.53632, 34.324669 ], [ -82.536124, 34.324711 ], [ -82.536008, 34.324751 ], [ -82.535671, 34.325099 ], [ -82.535373, 34.325302 ], [ -82.535167, 34.325481 ], [ -82.534907, 34.325477 ], [ -82.534634, 34.325439 ], [ -82.534554, 34.32538 ], [ -82.534539, 34.32533 ], [ -82.534509, 34.324842 ], [ -82.534533, 34.324745 ], [ -82.534627, 34.324602 ], [ -82.534711, 34.324424 ], [ -82.534724, 34.323939 ], [ -82.534706, 34.323813 ], [ -82.534725, 34.323751 ], [ -82.53483, 34.323654 ], [ -82.53533, 34.323604 ], [ -82.535861, 34.323459 ], [ -82.536008, 34.32339 ], [ -82.536056, 34.32342 ] ] ] } },
{ "type": "Feature", "properties": { "mukey": "1154985", "musym": "ApB", "muname": "Appling sandy loam, 2 to 6 percent slopes", "aws025wta": 3.5, "soil_area_m2": 290032.51257155754 }, "geometry": { "type": "Polygon", "coordinates": [ [ [ -82.538771, 34.329564 ], [ -82.538824, 34.329386 ], [ -82.538786, 34.329241 ], [ -82.538689, 34.329082 ], [ -82.538469, 34.328899 ], [ -82.538286, 34.32878 ], [ -82.53807, 34.328689 ], [ -82.537814, 34.328666 ], [ -82.538038, 34.328304 ], [ -82.538107, 34.328074 ], [ -82.538105, 34.327781 ], [ -82.537845, 34.327331 ], [ -82.537699, 34.32715 ], [ -82.537685, 34.326943 ], [ -82.537701, 34.326922 ], [ -82.537824, 34.32682 ], [ -82.538139, 34.326702 ], [ -82.539531, 34.326435 ], [ -82.539691, 34.326348 ], [ -82.53983, 34.326195 ], [ -82.539864, 34.326034 ], [ -82.539844, 34.325876 ], [ -82.539759, 34.325792 ], [ -82.539596, 34.325681 ], [ -82.539516, 34.325649 ], [ -82.539213, 34.325475 ], [ -82.539087, 34.325122 ], [ -82.538961, 34.325068 ], [ -82.539092, 34.3248 ], [ -82.539245, 34.324586 ], [ -82.53975, 34.324203 ], [ -82.539827, 34.324114 ], [ -82.540481, 34.323638 ], [ -82.540632, 34.323574 ], [ -82.540826, 34.323546 ], [ -82.540939, 34.32357 ], [ -82.541088, 34.323651 ], [ -82.541263, 34.323939 ], [ -82.541485, 34.324126 ], [ -82.541762, 34.324221 ], [ -82.541965, 34.324209 ], [ -82.542139, 34.324148 ], [ -82.542252, 34.32405 ], [ -82.54236, 34.323927 ], [ -82.542434, 34.323785 ], [ -82.542504, 34.323488 ], [ -82.542939, 34.322854 ], [ -82.543095, 34.322749 ], [ -82.543362, 34.322658 ], [ -82.543811, 34.32262 ], [ -82.544368, 34.322656 ], [ -82.545052, 34.322727 ], [ -82.545272, 34.322776 ], [ -82.545559, 34.322897 ], [ -82.545699, 34.32302 ], [ -82.545755, 34.323118 ], [ -82.545727, 34.323368 ], [ -82.545688, 34.323427 ], [ -82.545276, 34.323812 ], [ -82.544735, 34.323907 ], [ -82.544494, 34.324026 ], [ -82.5443, 34.324233 ], [ -82.54429, 34.324424 ], [ -82.544352, 34.324527 ], [ -82.544432, 34.32457 ], [ -82.544588, 34.3246 ], [ -82.544804, 34.324615 ], [ -82.544911, 34.324701 ], [ -82.544915, 34.324874 ], [ -82.544797, 34.32531 ], [ -82.544531, 34.325326 ], [ -82.544098, 34.325457 ], [ -82.543872, 34.32557 ], [ -82.543564, 34.325757 ], [ -82.543285, 34.325963 ], [ -82.54311, 34.326126 ], [ -82.54307, 34.326241 ], [ -82.543075, 34.326299 ], [ -82.543274, 34.32641 ], [ -82.543509, 34.326459 ], [ -82.543661, 34.326556 ], [ -82.543713, 34.326631 ], [ -82.543683, 34.326735 ], [ -82.543525, 34.326901 ], [ -82.543665, 34.32717 ], [ -82.543713, 34.327394 ], [ -82.54361, 34.327626 ], [ -82.543427, 34.327549 ], [ -82.543009, 34.327239 ], [ -82.542776, 34.327139 ], [ -82.54255, 34.327147 ], [ -82.54233, 34.327248 ], [ -82.542243, 34.327302 ], [ -82.542119, 34.327455 ], [ -82.542128, 34.32761 ], [ -82.542146, 34.327633 ], [ -82.542469, 34.327812 ], [ -82.543008, 34.327979 ], [ -82.543166, 34.328072 ], [ -82.5432, 34.328167 ], [ -82.54319, 34.328225 ], [ -82.542913, 34.328358 ], [ -82.542256, 34.32842 ], [ -82.54185, 34.328386 ], [ -82.541462, 34.328126 ], [ -82.541252, 34.328043 ], [ -82.541152, 34.328036 ], [ -82.540977, 34.328078 ], [ -82.540711, 34.328249 ], [ -82.540621, 34.328336 ], [ -82.540564, 34.32858 ], [ -82.54058, 34.328689 ], [ -82.540663, 34.328979 ], [ -82.540813, 34.329199 ], [ -82.540886, 34.329267 ], [ -82.540995, 34.329423 ], [ -82.541119, 34.329527 ], [ -82.541123, 34.329586 ], [ -82.541056, 34.32965 ], [ -82.540602, 34.329778 ], [ -82.540213, 34.329957 ], [ -82.539642, 34.330102 ], [ -82.539443, 34.330106 ], [ -82.539154, 34.330014 ], [ -82.53879, 34.329814 ], [ -82.538592, 34.329727 ], [ -82.538771, 34.329564 ] ] ] } },
{ "type": "Feature", "properties": { "mukey": "1154985", "musym": "ApB", "muname": "Appling sandy loam, 2 to 6 percent slopes", "aws025wta": 3.5, "soil_area_m2": 169541.24466022683 }, "geometry": { "type": "Polygon", "coordinates": [ [ [ -82.55049, 34.318963 ], [ -82.550411, 34.318973 ], [ -82.550342, 34.318693 ], [ -82.550422, 34.318407 ], [ -82.550406, 34.318118 ], [ -82.550417, 34.318073 ], [ -82.550541, 34.317756 ], [ -82.550533, 34.317479 ], [ -82.550452, 34.317366 ], [ -82.550283, 34.317225 ], [ -82.550003, 34.317122 ], [ -82.549797, 34.316854 ], [ -82.549683, 34.316768 ], [ -82.549551, 34.316773 ], [ -82.549413, 34.316807 ], [ -82.54907, 34.317143 ], [ -82.548783, 34.317332 ], [ -82.548614, 34.317378 ], [ -82.548507, 34.31724 ], [ -82.548507, 34.316917 ], [ -82.548582, 34.31653 ], [ -82.54892, 34.316034 ], [ -82.549065, 34.315775 ], [ -82.549291, 34.315195 ], [ -82.549324, 34.314731 ], [ -82.549303, 34.314632 ], [ -82.549226, 34.314554 ], [ -82.549083, 34.314543 ], [ -82.548914, 34.314622 ], [ -82.548673, 34.31484 ], [ -82.548664, 34.314971 ], [ -82.548792, 34.315219 ], [ -82.548766, 34.315348 ], [ -82.548648, 34.315691 ], [ -82.548602, 34.315781 ], [ -82.548387, 34.316068 ], [ -82.548018, 34.316384 ], [ -82.547654, 34.316596 ], [ -82.547621, 34.31659 ], [ -82.547514, 34.316564 ], [ -82.547016, 34.316566 ], [ -82.546784, 34.316465 ], [ -82.546528, 34.316434 ], [ -82.546285, 34.316588 ], [ -82.546134, 34.31659 ], [ -82.545989, 34.316677 ], [ -82.545487, 34.317122 ], [ -82.545331, 34.317162 ], [ -82.545213, 34.317143 ], [ -82.545064, 34.316919 ], [ -82.544915, 34.316628 ], [ -82.544648, 34.315598 ], [ -82.544513, 34.315344 ], [ -82.544431, 34.315281 ], [ -82.544375, 34.315265 ], [ -82.54405, 34.315225 ], [ -82.543897, 34.315145 ], [ -82.543639, 34.314963 ], [ -82.543515, 34.314828 ], [ -82.543455, 34.314661 ], [ -82.543213, 34.314213 ], [ -82.543158, 34.313902 ], [ -82.543063, 34.31354 ], [ -82.543052037889353, 34.313464675057013 ], [ -82.543065073557386, 34.313466269567279 ], [ -82.543579309748296, 34.313572469733948 ], [ -82.544078632482083, 34.313719731960404 ], [ -82.544558292017101, 34.313906655436071 ], [ -82.545013725573753, 34.314131462075643 ], [ -82.545440600722955, 34.314392013426108 ], [ -82.545834856587888, 34.31468583100061 ], [ -82.54619274246771, 34.315010119846285 ], [ -82.546273875235016, 34.315091248549969 ], [ -82.546359234139871, 34.315038723989105 ], [ -82.546816565891618, 34.314811294818625 ], [ -82.547298559096248, 34.314622153643903 ], [ -82.547800572385697, 34.314473121727893 ], [ -82.548317771704546, 34.314365634102153 ], [ -82.548845176841013, 34.314300725755473 ], [ -82.549377709361849, 34.314279021673158 ], [ -82.550006496002737, 34.314279023054411 ], [ -82.5505237966712, 34.314299502727785 ], [ -82.551036397678075, 34.314360756063373 ], [ -82.551244794392559, 34.314402775924442 ], [ -82.551105, 34.314554 ], [ -82.551071, 34.314693 ], [ -82.551066, 34.314846 ], [ -82.551091, 34.315009 ], [ -82.550644, 34.315306 ], [ -82.550248, 34.315671 ], [ -82.550187, 34.315907 ], [ -82.550245, 34.316032 ], [ -82.55036, 34.316153 ], [ -82.550745, 34.31637 ], [ -82.550877, 34.316479 ], [ -82.551001, 34.316667 ], [ -82.551065, 34.316878 ], [ -82.551147, 34.316987 ], [ -82.551128, 34.317255 ], [ -82.551203, 34.317889 ], [ -82.551162, 34.318306 ], [ -82.551223, 34.318608 ], [ -82.551332, 34.318743 ], [ -82.551089, 34.318883 ], [ -82.550797, 34.318977 ], [ -82.55049, 34.318963 ] ] ] } },
{ "type": "Feature", "properties": { "mukey": "1154991", "musym": "CcB", "muname": "Cecil sandy loam, 2 to 6 percent slopes", "aws025wta": 2.95, "soil_area_m2": 20990.650314128387 }, "geometry": { "type": "MultiPolygon", "coordinates": [ [ [ [ -82.555997, 34.319467 ], [ -82.555952, 34.319451 ], [ -82.555812, 34.319298 ], [ -82.555737, 34.319076 ], [ -82.555735, 34.318594 ], [ -82.555862, 34.318098 ], [ -82.555912372992935, 34.318005240044634 ], [ -82.555961480576798, 34.318165687474917 ], [ -82.556041791882748, 34.318608876437835 ], [ -82.55606867043241, 34.319056491620564 ], [ -82.556068697129476, 34.319467000002717 ], [ -82.555997, 34.319467 ] ] ], [ [ [ -82.553494, 34.315437 ], [ -82.553207, 34.315531 ], [ -82.552706, 34.315788 ], [ -82.55242, 34.315844 ], [ -82.552195, 34.315804 ], [ -82.552062, 34.315711 ], [ -82.551983, 34.315534 ], [ -82.551943, 34.31529 ], [ -82.551836, 34.315068 ], [ -82.551788, 34.315017 ], [ -82.551678, 34.314953 ], [ -82.551478, 34.314909 ], [ -82.551275, 34.314937 ], [ -82.551091, 34.315009 ], [ -82.551066, 34.314846 ], [ -82.551071, 34.314693 ], [ -82.551105, 34.314554 ], [ -82.551244794392559, 34.314402775924442 ], [ -82.551539642106079, 34.314462226562256 ], [ -82.552028958005664, 34.314602992356228 ], [ -82.552499899912561, 34.314781774579707 ], [ -82.553128697161313, 34.315051256856982 ], [ -82.5535956820857, 34.315276461692399 ], [ -82.553857081338123, 34.31543325707419 ], [ -82.553494, 34.315437 ] ] ] ] } },
{ "type": "Feature", "properties": { "mukey": "1155022", "musym": "W", "muname": "Water", "aws025wta": null, "soil_area_m2": 1900.4547038261444 }, "geometry": { "type": "Polygon", "coordinates": [ [ [ -82.554257, 34.316661 ], [ -82.554318, 34.316703 ], [ -82.554337, 34.316774 ], [ -82.554448, 34.317 ], [ -82.554495, 34.317166 ], [ -82.554223, 34.317322 ], [ -82.554164, 34.317322 ], [ -82.554124, 34.317301 ], [ -82.554096, 34.317189 ], [ -82.554092, 34.316995 ], [ -82.554116, 34.316729 ], [ -82.554158, 34.316683 ], [ -82.554257, 34.316661 ] ] ] } },
{ "type": "Feature", "properties": { "mukey": "1154992", "musym": "CcC", "muname": "Cecil sandy loam, 6 to 10 percent slopes", "aws025wta": 2.99, "soil_area_m2": 77237.106096410862 }, "geometry": { "type": "Polygon", "coordinates": [ [ [ -82.546425, 34.31884 ], [ -82.546636, 34.318995 ], [ -82.546751, 34.319063 ], [ -82.546876, 34.31911 ], [ -82.547042, 34.319114 ], [ -82.547215, 34.319078 ], [ -82.547416, 34.318973 ], [ -82.54754, 34.318852 ], [ -82.547606, 34.318685 ], [ -82.547652, 34.318484 ], [ -82.547632, 34.318249 ], [ -82.547525, 34.317933 ], [ -82.547465, 34.31759 ], [ -82.547479, 34.317282 ], [ -82.547533, 34.316866 ], [ -82.547621, 34.31659 ], [ -82.547654, 34.316596 ], [ -82.548018, 34.316384 ], [ -82.548387, 34.316068 ], [ -82.548602, 34.315781 ], [ -82.548648, 34.315691 ], [ -82.548766, 34.315348 ], [ -82.548792, 34.315219 ], [ -82.548664, 34.314971 ], [ -82.548673, 34.31484 ], [ -82.548914, 34.314622 ], [ -82.549083, 34.314543 ], [ -82.549226, 34.314554 ], [ -82.549303, 34.314632 ], [ -82.549324, 34.314731 ], [ -82.549291, 34.315195 ], [ -82.549065, 34.315775 ], [ -82.54892, 34.316034 ], [ -82.548582, 34.31653 ], [ -82.548507, 34.316917 ], [ -82.548507, 34.31724 ], [ -82.548614, 34.317378 ], [ -82.548783, 34.317332 ], [ -82.54907, 34.317143 ], [ -82.549413, 34.316807 ], [ -82.549551, 34.316773 ], [ -82.549683, 34.316768 ], [ -82.549797, 34.316854 ], [ -82.550003, 34.317122 ], [ -82.550283, 34.317225 ], [ -82.550452, 34.317366 ], [ -82.550533, 34.317479 ], [ -82.550541, 34.317756 ], [ -82.550417, 34.318073 ], [ -82.550195, 34.317923 ], [ -82.549778, 34.317727 ], [ -82.549695, 34.317709 ], [ -82.5495, 34.317701 ], [ -82.549241, 34.317737 ], [ -82.548953, 34.31786 ], [ -82.548864, 34.317914 ], [ -82.548798, 34.317973 ], [ -82.548775, 34.318122 ], [ -82.548805, 34.318437 ], [ -82.548789, 34.318541 ], [ -82.548707, 34.318754 ], [ -82.548592, 34.318921 ], [ -82.548422, 34.319098 ], [ -82.548276, 34.319183 ], [ -82.547924, 34.31927 ], [ -82.547788, 34.319344 ], [ -82.547757, 34.319377 ], [ -82.547715, 34.319469 ], [ -82.547735, 34.319566 ], [ -82.548025, 34.319951 ], [ -82.548026, 34.320084 ], [ -82.547973, 34.320163 ], [ -82.54778, 34.320221 ], [ -82.547701, 34.320281 ], [ -82.547596, 34.320279 ], [ -82.547536, 34.320254 ], [ -82.547312, 34.320215 ], [ -82.546981, 34.320209 ], [ -82.546866, 34.320167 ], [ -82.54659, 34.32003 ], [ -82.54633, 34.319826 ], [ -82.546048, 34.319679 ], [ -82.545945, 34.319561 ], [ -82.545848, 34.319369 ], [ -82.545819, 34.319036 ], [ -82.54586, 34.318899 ], [ -82.546082, 34.318543 ], [ -82.546143, 34.318469 ], [ -82.546425, 34.31884 ] ] ] } },
{ "type": "Feature", "properties": { "mukey": "1154991", "musym": "CcB", "muname": "Cecil sandy loam, 2 to 6 percent slopes", "aws025wta": 2.95, "soil_area_m2": 32310.994888699137 }, "geometry": { "type": "Polygon", "coordinates": [ [ [ -82.546157, 34.318074 ], [ -82.54626, 34.317533 ], [ -82.546367, 34.317211 ], [ -82.546394, 34.316951 ], [ -82.546392, 34.31677 ], [ -82.546285, 34.316588 ], [ -82.546528, 34.316434 ], [ -82.546784, 34.316465 ], [ -82.547016, 34.316566 ], [ -82.547514, 34.316564 ], [ -82.547621, 34.31659 ], [ -82.547533, 34.316866 ], [ -82.547479, 34.317282 ], [ -82.547465, 34.31759 ], [ -82.547525, 34.317933 ], [ -82.547632, 34.318249 ], [ -82.547652, 34.318484 ], [ -82.547606, 34.318685 ], [ -82.54754, 34.318852 ], [ -82.547416, 34.318973 ], [ -82.547215, 34.319078 ], [ -82.547042, 34.319114 ], [ -82.546876, 34.31911 ], [ -82.546751, 34.319063 ], [ -82.546636, 34.318995 ], [ -82.546425, 34.31884 ], [ -82.546143, 34.318469 ], [ -82.546157, 34.318074 ] ] ] } },
{ "type": "Feature", "properties": { "mukey": "1154992", "musym": "CcC", "muname": "Cecil sandy loam, 6 to 10 percent slopes", "aws025wta": 2.99, "soil_area_m2": 77711.095420283324 }, "geometry": { "type": "Polygon", "coordinates": [ [ [ -82.553177, 34.316961 ], [ -82.55307, 34.31706 ], [ -82.552894, 34.317098 ], [ -82.552745, 34.317068 ], [ -82.552548, 34.316964 ], [ -82.552348, 34.316798 ], [ -82.552257, 34.316658 ], [ -82.552031, 34.316555 ], [ -82.551816, 34.316562 ], [ -82.551497, 34.31665 ], [ -82.551358, 34.316718 ], [ -82.551207, 34.316885 ], [ -82.551147, 34.316987 ], [ -82.551065, 34.316878 ], [ -82.551001, 34.316667 ], [ -82.550877, 34.316479 ], [ -82.550745, 34.31637 ], [ -82.55036, 34.316153 ], [ -82.550245, 34.316032 ], [ -82.550187, 34.315907 ], [ -82.550248, 34.315671 ], [ -82.550644, 34.315306 ], [ -82.551091, 34.315009 ], [ -82.551275, 34.314937 ], [ -82.551478, 34.314909 ], [ -82.551678, 34.314953 ], [ -82.551788, 34.315017 ], [ -82.551836, 34.315068 ], [ -82.551943, 34.31529 ], [ -82.551983, 34.315534 ], [ -82.552062, 34.315711 ], [ -82.552195, 34.315804 ], [ -82.55242, 34.315844 ], [ -82.552706, 34.315788 ], [ -82.553207, 34.315531 ], [ -82.553494, 34.315437 ], [ -82.553857081338123, 34.31543325707419 ], [ -82.554033412766273, 34.315539025477328 ], [ -82.554437563273964, 34.315836353539495 ], [ -82.554804139398485, 34.316165507640491 ], [ -82.555129518119344, 34.316523235001767 ], [ -82.555410483414647, 34.316906000438912 ], [ -82.555644258054187, 34.317310021287533 ], [ -82.555828531062019, 34.317731304775812 ], [ -82.555912372992935, 34.318005240044634 ], [ -82.555862, 34.318098 ], [ -82.555735, 34.318594 ], [ -82.555737, 34.319076 ], [ -82.555812, 34.319298 ], [ -82.555952, 34.319451 ], [ -82.555997, 34.319467 ], [ -82.556068697129476, 34.319467000002717 ], [ -82.556068711359657, 34.319685311443649 ], [ -82.556068714833856, 34.319741571471759 ], [ -82.556004, 34.319749 ], [ -82.555902, 34.31978 ], [ -82.555674, 34.319933 ], [ -82.555455, 34.319919 ], [ -82.555229, 34.319877 ], [ -82.555096, 34.319751 ], [ -82.555009, 34.31951 ], [ -82.55496, 34.318738 ], [ -82.554831, 34.318255 ], [ -82.554809, 34.318044 ], [ -82.554864, 34.317766 ], [ -82.554898, 34.317721 ], [ -82.555079, 34.317257 ], [ -82.555067, 34.316933 ], [ -82.55496, 34.316761 ], [ -82.554592, 34.316489 ], [ -82.554402, 34.316247 ], [ -82.554354, 34.316161 ], [ -82.554303, 34.316123 ], [ -82.554142, 34.31608 ], [ -82.55404, 34.316088 ], [ -82.553947, 34.316135 ], [ -82.553677, 34.316318 ], [ -82.553412, 34.316592 ], [ -82.553338, 34.31669 ], [ -82.55331, 34.31676 ], [ -82.553177, 34.316961 ] ] ] } },
{ "type": "Feature", "properties": { "mukey": "1154993", "musym": "CcD", "muname": "Cecil-Cataula complex, 10 to 15 percent slopes, moderately eroded", "aws025wta": 3.35, "soil_area_m2": 521059.34632894263 }, "geometry": { "type": "MultiPolygon", "coordinates": [ [ [ [ -82.546396, 34.325768 ], [ -82.546544, 34.325516 ], [ -82.546695, 34.325342 ], [ -82.546934, 34.325122 ], [ -82.54711, 34.325032 ], [ -82.547657609371001, 34.324595431188008 ], [ -82.547941793351853, 34.324679238750775 ], [ -82.548421547666749, 34.324866189957824 ], [ -82.54887706719046, 34.325091029836507 ], [ -82.549224469776505, 34.325303067266645 ], [ -82.549253, 34.325334 ], [ -82.549308, 34.325538 ], [ -82.549195, 34.325786 ], [ -82.549088, 34.325874 ], [ -82.548751, 34.325967 ], [ -82.548366, 34.326175 ], [ -82.548102, 34.326232 ], [ -82.54786, 34.326207 ], [ -82.547731, 34.326249 ], [ -82.547398, 34.32649 ], [ -82.547007, 34.326634 ], [ -82.546632, 34.326658 ], [ -82.546489, 34.326618 ], [ -82.546368, 34.326519 ], [ -82.546396, 34.325768 ] ] ], [ [ [ -82.548437, 34.324106 ], [ -82.548471, 34.324098 ], [ -82.548755, 34.323892 ], [ -82.549291, 34.323626 ], [ -82.549527, 34.323568 ], [ -82.549695, 34.323492 ], [ -82.550156, 34.32333 ], [ -82.550318, 34.323234 ], [ -82.55042, 34.323143 ], [ -82.550495, 34.323044 ], [ -82.550588, 34.322826 ], [ -82.550608, 34.322608 ], [ -82.550516, 34.322271 ], [ -82.550418, 34.322086 ], [ -82.550065, 34.321796 ], [ -82.549744, 34.321763 ], [ -82.549485, 34.321822 ], [ -82.549389, 34.321858 ], [ -82.549202, 34.321995 ], [ -82.548771, 34.322487 ], [ -82.548672, 34.322648 ], [ -82.548628, 34.322757 ], [ -82.548493, 34.322933 ], [ -82.54838, 34.323029 ], [ -82.547977, 34.323298 ], [ -82.547436, 34.323576 ], [ -82.54718, 34.323769 ], [ -82.546892800722702, 34.324066477807257 ], [ -82.546586055191, 34.323946102892961 ], [ -82.546482515809885, 34.324040889088337 ], [ -82.546087427305963, 34.324338001043841 ], [ -82.546070973323324, 34.324348126168537 ], [ -82.546403656228733, 34.324361603322892 ], [ -82.546604841960445, 34.324386210878579 ], [ -82.546515, 34.324506 ], [ -82.54621, 34.324758 ], [ -82.545776, 34.325251 ], [ -82.545475, 34.3255 ], [ -82.545077, 34.325564 ], [ -82.544864, 34.325532 ], [ -82.544799, 34.325477 ], [ -82.544776, 34.325372 ], [ -82.544797, 34.32531 ], [ -82.544915, 34.324874 ], [ -82.544911, 34.324701 ], [ -82.544804, 34.324615 ], [ -82.544588, 34.3246 ], [ -82.544432, 34.32457 ], [ -82.544352, 34.324527 ], [ -82.54429, 34.324424 ], [ -82.5443, 34.324233 ], [ -82.544494, 34.324026 ], [ -82.544735, 34.323907 ], [ -82.545276, 34.323812 ], [ -82.546376, 34.323755 ], [ -82.546745, 34.323642 ], [ -82.546903, 34.323521 ], [ -82.546945, 34.323517 ], [ -82.547184, 34.323334 ], [ -82.547281, 34.323215 ], [ -82.547518, 34.323052 ], [ -82.547938, 34.322619 ], [ -82.548342, 34.322039 ], [ -82.548439, 34.321812 ], [ -82.548456, 34.321605 ], [ -82.548421, 34.321523 ], [ -82.548253, 34.321358 ], [ -82.548114, 34.321343 ], [ -82.547935, 34.321391 ], [ -82.547586, 34.32163 ], [ -82.547491, 34.321673 ], [ -82.547398, 34.321693 ], [ -82.547337, 34.321754 ], [ -82.547198, 34.321993 ], [ -82.54692, 34.322261 ], [ -82.546822, 34.322322 ], [ -82.54665, 34.322316 ], [ -82.546503, 34.322205 ], [ -82.546481, 34.322163 ], [ -82.546499, 34.321939 ], [ -82.546564, 34.32179 ], [ -82.546591, 34.321612 ], [ -82.546574, 34.321433 ], [ -82.546479, 34.321336 ], [ -82.546294, 34.321338 ], [ -82.546249, 34.321359 ], [ -82.545991, 34.321582 ], [ -82.545871, 34.321765 ], [ -82.545783, 34.321834 ], [ -82.545618, 34.32186 ], [ -82.5454, 34.321856 ], [ -82.545262, 34.321731 ], [ -82.545225, 34.321623 ], [ -82.545328, 34.321366 ], [ -82.545444, 34.321185 ], [ -82.54553, 34.320892 ], [ -82.545523, 34.320725 ], [ -82.545456, 34.320534 ], [ -82.545306, 34.320262 ], [ -82.545098, 34.320111 ], [ -82.544906, 34.320022 ], [ -82.544564, 34.319919 ], [ -82.544254, 34.319939 ], [ -82.544122, 34.320015 ], [ -82.54394, 34.320195 ], [ -82.54389, 34.320322 ], [ -82.543612, 34.320862 ], [ -82.543473, 34.32131 ], [ -82.543458, 34.321411 ], [ -82.543312, 34.321636 ], [ -82.542941, 34.322014 ], [ -82.542449, 34.32233 ], [ -82.542076, 34.322451 ], [ -82.541959, 34.322514 ], [ -82.541566, 34.322581 ], [ -82.541348, 34.322526 ], [ -82.541308, 34.322494 ], [ -82.541276, 34.322419 ], [ -82.541298, 34.322278 ], [ -82.541563, 34.321975 ], [ -82.542493, 34.321175 ], [ -82.542866, 34.320807 ], [ -82.543141, 34.320447 ], [ -82.543207, 34.32017 ], [ -82.543178, 34.319948 ], [ -82.543084, 34.319844 ], [ -82.542856, 34.31984 ], [ -82.542728, 34.319865 ], [ -82.542412, 34.319981 ], [ -82.542078, 34.319828 ], [ -82.541834, 34.319773 ], [ -82.541608, 34.319701 ], [ -82.5415, 34.319614 ], [ -82.541484, 34.319572 ], [ -82.541513, 34.319413 ], [ -82.541588, 34.319291 ], [ -82.541793, 34.319162 ], [ -82.541889, 34.319133 ], [ -82.542133, 34.319137 ], [ -82.542421, 34.319191 ], [ -82.542691, 34.319175 ], [ -82.543076, 34.318983 ], [ -82.543455, 34.318897 ], [ -82.543787, 34.318846 ], [ -82.544021, 34.318691 ], [ -82.54409, 34.318586 ], [ -82.544126, 34.318445 ], [ -82.544105, 34.318086 ], [ -82.544022, 34.317872 ], [ -82.543832, 34.317594 ], [ -82.543655, 34.317445 ], [ -82.543127, 34.317251 ], [ -82.542858, 34.316987 ], [ -82.542769, 34.315831 ], [ -82.542635, 34.315449 ], [ -82.542363, 34.315119 ], [ -82.542275, 34.314871 ], [ -82.542268, 34.314753 ], [ -82.542404, 34.314558 ], [ -82.542399, 34.3144 ], [ -82.542396, 34.314344 ], [ -82.542439, 34.314217 ], [ -82.542392519215511, 34.313396133327053 ], [ -82.54254081545011, 34.313402141676683 ], [ -82.543052037889353, 34.313464675057013 ], [ -82.543063, 34.31354 ], [ -82.543158, 34.313902 ], [ -82.543213, 34.314213 ], [ -82.543455, 34.314661 ], [ -82.543515, 34.314828 ], [ -82.543639, 34.314963 ], [ -82.543897, 34.315145 ], [ -82.54405, 34.315225 ], [ -82.544375, 34.315265 ], [ -82.544431, 34.315281 ], [ -82.544513, 34.315344 ], [ -82.544648, 34.315598 ], [ -82.544915, 34.316628 ], [ -82.545064, 34.316919 ], [ -82.545213, 34.317143 ], [ -82.545331, 34.317162 ], [ -82.545487, 34.317122 ], [ -82.545989, 34.316677 ], [ -82.546134, 34.31659 ], [ -82.546285, 34.316588 ], [ -82.546392, 34.31677 ], [ -82.546394, 34.316951 ], [ -82.546367, 34.317211 ], [ -82.54626, 34.317533 ], [ -82.546157, 34.318074 ], [ -82.546143, 34.318469 ], [ -82.546082, 34.318543 ], [ -82.54586, 34.318899 ], [ -82.545819, 34.319036 ], [ -82.545848, 34.319369 ], [ -82.545945, 34.319561 ], [ -82.546048, 34.319679 ], [ -82.54633, 34.319826 ], [ -82.54659, 34.32003 ], [ -82.546866, 34.320167 ], [ -82.546981, 34.320209 ], [ -82.547312, 34.320215 ], [ -82.547536, 34.320254 ], [ -82.547596, 34.320279 ], [ -82.547701, 34.320281 ], [ -82.54778, 34.320221 ], [ -82.547973, 34.320163 ], [ -82.548026, 34.320084 ], [ -82.548025, 34.319951 ], [ -82.547735, 34.319566 ], [ -82.547715, 34.319469 ], [ -82.547757, 34.319377 ], [ -82.547788, 34.319344 ], [ -82.547924, 34.31927 ], [ -82.548276, 34.319183 ], [ -82.548422, 34.319098 ], [ -82.548592, 34.318921 ], [ -82.548707, 34.318754 ], [ -82.548789, 34.318541 ], [ -82.548805, 34.318437 ], [ -82.548775, 34.318122 ], [ -82.548798, 34.317973 ], [ -82.548864, 34.317914 ], [ -82.548953, 34.31786 ], [ -82.549241, 34.317737 ], [ -82.5495, 34.317701 ], [ -82.549695, 34.317709 ], [ -82.549778, 34.317727 ], [ -82.550195, 34.317923 ], [ -82.550417, 34.318073 ], [ -82.550406, 34.318118 ], [ -82.550422, 34.318407 ], [ -82.550342, 34.318693 ], [ -82.550411, 34.318973 ], [ -82.550205, 34.319159 ], [ -82.55016, 34.319338 ], [ -82.550167, 34.319644 ], [ -82.550207, 34.319758 ], [ -82.550329, 34.319872 ], [ -82.550852, 34.320054 ], [ -82.551106, 34.320223 ], [ -82.551138, 34.320272 ], [ -82.551157, 34.320538 ], [ -82.551184, 34.320602 ], [ -82.55133, 34.320858 ], [ -82.551501, 34.321 ], [ -82.551499, 34.321119 ], [ -82.551436, 34.321223 ], [ -82.551462, 34.321385 ], [ -82.551491, 34.321431 ], [ -82.551612, 34.321512 ], [ -82.551882, 34.321521 ], [ -82.551979, 34.321465 ], [ -82.552112, 34.32129 ], [ -82.552114, 34.321148 ], [ -82.552086, 34.320965 ], [ -82.552119, 34.3209 ], [ -82.552178, 34.320856 ], [ -82.552235, 34.320845 ], [ -82.552529, 34.32085 ], [ -82.552581, 34.320798 ], [ -82.552582, 34.320701 ], [ -82.552497, 34.320528 ], [ -82.552394, 34.320235 ], [ -82.552402, 34.320141 ], [ -82.552438, 34.320052 ], [ -82.552634, 34.319794 ], [ -82.552592, 34.319515 ], [ -82.552507, 34.319422 ], [ -82.552352, 34.319326 ], [ -82.551987, 34.319219 ], [ -82.551691, 34.319048 ], [ -82.551332, 34.318743 ], [ -82.551223, 34.318608 ], [ -82.551162, 34.318306 ], [ -82.551203, 34.317889 ], [ -82.551128, 34.317255 ], [ -82.551147, 34.316987 ], [ -82.551207, 34.316885 ], [ -82.551358, 34.316718 ], [ -82.551497, 34.31665 ], [ -82.551816, 34.316562 ], [ -82.552031, 34.316555 ], [ -82.552257, 34.316658 ], [ -82.552348, 34.316798 ], [ -82.552548, 34.316964 ], [ -82.552745, 34.317068 ], [ -82.552894, 34.317098 ], [ -82.55307, 34.31706 ], [ -82.553177, 34.316961 ], [ -82.55331, 34.31676 ], [ -82.553461, 34.317381 ], [ -82.553493, 34.317836 ], [ -82.553493, 34.317864 ], [ -82.553368, 34.318052 ], [ -82.553305, 34.318074 ], [ -82.55314, 34.318044 ], [ -82.553035, 34.317959 ], [ -82.55294, 34.31784 ], [ -82.552614, 34.317524 ], [ -82.55219, 34.317338 ], [ -82.551961, 34.317358 ], [ -82.551886, 34.317388 ], [ -82.551737, 34.317531 ], [ -82.551713, 34.317753 ], [ -82.551842, 34.318215 ], [ -82.551959, 34.318351 ], [ -82.55213, 34.318463 ], [ -82.552537, 34.318594 ], [ -82.552719, 34.318679 ], [ -82.552944, 34.318832 ], [ -82.552989, 34.318979 ], [ -82.552938, 34.319239 ], [ -82.552936, 34.31934 ], [ -82.553033, 34.319588 ], [ -82.553308, 34.319905 ], [ -82.553495, 34.320193 ], [ -82.55358, 34.32053 ], [ -82.553543, 34.320947 ], [ -82.553717, 34.321159 ], [ -82.553925, 34.321372 ], [ -82.553979, 34.321521 ], [ -82.553965, 34.321729 ], [ -82.553898, 34.321846 ], [ -82.553697, 34.32202 ], [ -82.553585, 34.322044 ], [ -82.553026, 34.322074 ], [ -82.552669, 34.322149 ], [ -82.55218, 34.322354 ], [ -82.551841, 34.322701 ], [ -82.551763, 34.322886 ], [ -82.551761, 34.322923 ], [ -82.551926, 34.323102 ], [ -82.551989, 34.323143 ], [ -82.551634, 34.323258 ], [ -82.551417, 34.323409 ], [ -82.551291, 34.323576 ], [ -82.551146, 34.32388 ], [ -82.551063692543309, 34.324445558922811 ], [ -82.550635370981283, 34.324463020666016 ], [ -82.550370752962635, 34.32446302250969 ], [ -82.550327, 34.324329 ], [ -82.550138, 34.324191 ], [ -82.549959, 34.324157 ], [ -82.549731, 34.324175 ], [ -82.54953, 34.324265 ], [ -82.549294, 34.324425 ], [ -82.549259967533999, 34.324463024008587 ], [ -82.549108154228989, 34.324463023430511 ], [ -82.548575561336122, 34.324441312451917 ], [ -82.548048098554816, 34.324376393337161 ], [ -82.548013419374044, 34.324369185943048 ], [ -82.548437, 34.324106 ] ] ] ] } },
{ "type": "Feature", "properties": { "mukey": "1154991", "musym": "CcB", "muname": "Cecil sandy loam, 2 to 6 percent slopes", "aws025wta": 2.95, "soil_area_m2": 38618.003166240844 }, "geometry": { "type": "Polygon", "coordinates": [ [ [ -82.55049, 34.318963 ], [ -82.550797, 34.318977 ], [ -82.551089, 34.318883 ], [ -82.551332, 34.318743 ], [ -82.551691, 34.319048 ], [ -82.551987, 34.319219 ], [ -82.552352, 34.319326 ], [ -82.552507, 34.319422 ], [ -82.552592, 34.319515 ], [ -82.552634, 34.319794 ], [ -82.552438, 34.320052 ], [ -82.552402, 34.320141 ], [ -82.552394, 34.320235 ], [ -82.552497, 34.320528 ], [ -82.552582, 34.320701 ], [ -82.552581, 34.320798 ], [ -82.552529, 34.32085 ], [ -82.552235, 34.320845 ], [ -82.552178, 34.320856 ], [ -82.552119, 34.3209 ], [ -82.552086, 34.320965 ], [ -82.552114, 34.321148 ], [ -82.552112, 34.32129 ], [ -82.551979, 34.321465 ], [ -82.551882, 34.321521 ], [ -82.551612, 34.321512 ], [ -82.551491, 34.321431 ], [ -82.551462, 34.321385 ], [ -82.551436, 34.321223 ], [ -82.551499, 34.321119 ], [ -82.551501, 34.321 ], [ -82.55133, 34.320858 ], [ -82.551184, 34.320602 ], [ -82.551157, 34.320538 ], [ -82.551138, 34.320272 ], [ -82.551106, 34.320223 ], [ -82.550852, 34.320054 ], [ -82.550329, 34.319872 ], [ -82.550207, 34.319758 ], [ -82.550167, 34.319644 ], [ -82.55016, 34.319338 ], [ -82.550205, 34.319159 ], [ -82.550411, 34.318973 ], [ -82.55049, 34.318963 ] ] ] } },
{ "type": "Feature", "properties": { "mukey": "1155019", "musym": "PaF", "muname": "Pacolet sandy loam, 15 to 40 percent slopes", "aws025wta": 2.99, "soil_area_m2": 197864.78561450556 }, "geometry": { "type": "MultiPolygon", "coordinates": [ [ [ [ -82.550826, 34.326753 ], [ -82.551004, 34.326504 ], [ -82.551079, 34.326435 ], [ -82.551483, 34.326127 ], [ -82.551822, 34.325945 ], [ -82.551866, 34.325935 ], [ -82.552073878876442, 34.325886734515358 ], [ -82.5524177675087, 34.325958195493165 ], [ -82.552408, 34.325967 ], [ -82.552353, 34.326063 ], [ -82.552293, 34.326168 ], [ -82.552266, 34.326225 ], [ -82.552202, 34.326309 ], [ -82.552142, 34.326346 ], [ -82.552079, 34.326403 ], [ -82.552075, 34.32643 ], [ -82.552116, 34.32648 ], [ -82.552152, 34.326486 ], [ -82.552262, 34.326413 ], [ -82.552341, 34.326373 ], [ -82.552463, 34.326371 ], [ -82.552603, 34.326358 ], [ -82.552754, 34.326332 ], [ -82.552828, 34.326305 ], [ -82.552849, 34.32628 ], [ -82.552851, 34.3262 ], [ -82.55278911392368, 34.326062690276778 ], [ -82.55298424334255, 34.326120610790873 ], [ -82.553466299599222, 34.326309753288136 ], [ -82.553923690787769, 34.326537183313739 ], [ -82.55435201239149, 34.326800710877741 ], [ -82.554462433913045, 34.326883734729826 ], [ -82.554231, 34.326804 ], [ -82.554046, 34.326761 ], [ -82.553649, 34.326747 ], [ -82.553375, 34.326832 ], [ -82.553142, 34.326951 ], [ -82.553126, 34.326975 ], [ -82.552737, 34.327179 ], [ -82.552463, 34.327363 ], [ -82.552196, 34.327502 ], [ -82.552047, 34.327536 ], [ -82.551791, 34.327528 ], [ -82.551478, 34.327459 ], [ -82.551043, 34.327261 ], [ -82.550845, 34.32711 ], [ -82.550811, 34.326995 ], [ -82.550801, 34.326822 ], [ -82.550826, 34.326753 ] ] ], [ [ [ -82.552763, 34.3241 ], [ -82.552767, 34.323701 ], [ -82.552713, 34.323532 ], [ -82.552589, 34.323417 ], [ -82.552285, 34.323238 ], [ -82.552029, 34.323171 ], [ -82.551989, 34.323143 ], [ -82.551926, 34.323102 ], [ -82.551761, 34.322923 ], [ -82.551763, 34.322886 ], [ -82.551841, 34.322701 ], [ -82.55218, 34.322354 ], [ -82.552669, 34.322149 ], [ -82.553026, 34.322074 ], [ -82.553585, 34.322044 ], [ -82.553697, 34.32202 ], [ -82.553898, 34.321846 ], [ -82.553965, 34.321729 ], [ -82.553979, 34.321521 ], [ -82.553925, 34.321372 ], [ -82.553717, 34.321159 ], [ -82.553543, 34.320947 ], [ -82.55358, 34.32053 ], [ -82.553495, 34.320193 ], [ -82.553308, 34.319905 ], [ -82.553033, 34.319588 ], [ -82.552936, 34.31934 ], [ -82.552938, 34.319239 ], [ -82.552989, 34.318979 ], [ -82.552944, 34.318832 ], [ -82.552719, 34.318679 ], [ -82.552537, 34.318594 ], [ -82.55213, 34.318463 ], [ -82.551959, 34.318351 ], [ -82.551842, 34.318215 ], [ -82.551713, 34.317753 ], [ -82.551737, 34.317531 ], [ -82.551886, 34.317388 ], [ -82.551961, 34.317358 ], [ -82.55219, 34.317338 ], [ -82.552614, 34.317524 ], [ -82.55294, 34.31784 ], [ -82.553035, 34.317959 ], [ -82.55314, 34.318044 ], [ -82.553305, 34.318074 ], [ -82.553368, 34.318052 ], [ -82.553493, 34.317864 ], [ -82.553493, 34.317836 ], [ -82.553461, 34.317381 ], [ -82.55331, 34.31676 ], [ -82.553338, 34.31669 ], [ -82.553412, 34.316592 ], [ -82.553677, 34.316318 ], [ -82.553947, 34.316135 ], [ -82.55404, 34.316088 ], [ -82.554142, 34.31608 ], [ -82.554303, 34.316123 ], [ -82.554354, 34.316161 ], [ -82.554402, 34.316247 ], [ -82.554592, 34.316489 ], [ -82.55496, 34.316761 ], [ -82.555067, 34.316933 ], [ -82.555079, 34.317257 ], [ -82.554898, 34.317721 ], [ -82.554864, 34.317766 ], [ -82.554809, 34.318044 ], [ -82.554831, 34.318255 ], [ -82.55496, 34.318738 ], [ -82.555009, 34.31951 ], [ -82.555096, 34.319751 ], [ -82.555229, 34.319877 ], [ -82.555455, 34.319919 ], [ -82.555674, 34.319933 ], [ -82.555902, 34.31978 ], [ -82.556004, 34.319749 ], [ -82.556068714833856, 34.319741571471759 ], [ -82.55606872801593, 34.319954818224161 ], [ -82.55604259229105, 34.3203966861171 ], [ -82.555964381596169, 34.320834300816998 ], [ -82.555834848340311, 34.321263447833289 ], [ -82.555655239247073, 34.321679994160242 ], [ -82.555427283376432, 34.322079928084904 ], [ -82.555153175498248, 34.322459397829093 ], [ -82.55483555497652, 34.322814748653052 ], [ -82.55447748036697, 34.323142558063196 ], [ -82.554082399972017, 34.323439668784168 ], [ -82.553654118636373, 34.323703219177602 ], [ -82.55319676110264, 34.32393067081378 ], [ -82.552763274486594, 34.324100783681139 ], [ -82.552763, 34.3241 ] ], [ [ -82.554257, 34.316661 ], [ -82.554158, 34.316683 ], [ -82.554116, 34.316729 ], [ -82.554092, 34.316995 ], [ -82.554096, 34.317189 ], [ -82.554124, 34.317301 ], [ -82.554164, 34.317322 ], [ -82.554223, 34.317322 ], [ -82.554495, 34.317166 ], [ -82.554448, 34.317 ], [ -82.554337, 34.316774 ], [ -82.554318, 34.316703 ], [ -82.554257, 34.316661 ] ] ] ] } },
{ "type": "Feature", "properties": { "mukey": "1154992", "musym": "CcC", "muname": "Cecil sandy loam, 6 to 10 percent slopes", "aws025wta": 2.99, "soil_area_m2": 16191.537139471076 }, "geometry": { "type": "MultiPolygon", "coordinates": [ [ [ [ -82.551146, 34.32388 ], [ -82.551291, 34.323576 ], [ -82.551417, 34.323409 ], [ -82.551634, 34.323258 ], [ -82.551989, 34.323143 ], [ -82.552029, 34.323171 ], [ -82.552285, 34.323238 ], [ -82.552589, 34.323417 ], [ -82.552713, 34.323532 ], [ -82.552767, 34.323701 ], [ -82.552763, 34.3241 ], [ -82.552763274486594, 34.324100783681139 ], [ -82.552714732280208, 34.324119832930435 ], [ -82.552212674810136, 34.324268883542452 ], [ -82.551695424335378, 34.324376386998978 ], [ -82.551167962907726, 34.32444130781812 ], [ -82.551063692543309, 34.324445558922811 ], [ -82.551146, 34.32388 ] ] ], [ [ [ -82.551866, 34.325935 ], [ -82.551866422542801, 34.325851969457467 ], [ -82.551964896044609, 34.325864087362511 ], [ -82.552073878876442, 34.325886734515358 ], [ -82.551866, 34.325935 ] ] ] ] } },
{ "type": "Feature", "properties": { "mukey": "1155022", "musym": "W", "muname": "Water", "aws025wta": null, "soil_area_m2": 2137.2434240832677 }, "geometry": { "type": "Polygon", "coordinates": [ [ [ -82.5524177675087, 34.325958195493165 ], [ -82.552482163941718, 34.325971577122324 ], [ -82.55278911392368, 34.326062690276778 ], [ -82.552851, 34.3262 ], [ -82.552849, 34.32628 ], [ -82.552828, 34.326305 ], [ -82.552754, 34.326332 ], [ -82.552603, 34.326358 ], [ -82.552463, 34.326371 ], [ -82.552341, 34.326373 ], [ -82.552262, 34.326413 ], [ -82.552152, 34.326486 ], [ -82.552116, 34.32648 ], [ -82.552075, 34.32643 ], [ -82.552079, 34.326403 ], [ -82.552142, 34.326346 ], [ -82.552202, 34.326309 ], [ -82.552266, 34.326225 ], [ -82.552293, 34.326168 ], [ -82.552353, 34.326063 ], [ -82.552408, 34.325967 ], [ -82.5524177675087, 34.325958195493165 ] ] ] } },
{ "type": "Feature", "properties": { "mukey": "1154992", "musym": "CcC", "muname": "Cecil sandy loam, 6 to 10 percent slopes", "aws025wta": 2.99, "soil_area_m2": 74923.018089714955 }, "geometry": { "type": "Polygon", "coordinates": [ [ [ -82.5432, 34.328167 ], [ -82.543166, 34.328072 ], [ -82.543008, 34.327979 ], [ -82.542469, 34.327812 ], [ -82.542146, 34.327633 ], [ -82.542128, 34.32761 ], [ -82.542119, 34.327455 ], [ -82.542243, 34.327302 ], [ -82.54233, 34.327248 ], [ -82.54255, 34.327147 ], [ -82.542776, 34.327139 ], [ -82.543009, 34.327239 ], [ -82.543427, 34.327549 ], [ -82.54361, 34.327626 ], [ -82.54377, 34.327826 ], [ -82.54404, 34.328025 ], [ -82.544104, 34.328052 ], [ -82.544338, 34.327994 ], [ -82.544386, 34.327969 ], [ -82.544434, 34.327854 ], [ -82.544445, 34.327721 ], [ -82.544338, 34.327475 ], [ -82.54432, 34.327148 ], [ -82.544405, 34.327086 ], [ -82.544454, 34.327075 ], [ -82.544689, 34.327074 ], [ -82.544832, 34.327092 ], [ -82.545037, 34.327142 ], [ -82.545245, 34.327243 ], [ -82.545753, 34.327538 ], [ -82.546009, 34.327646 ], [ -82.546081, 34.32766 ], [ -82.546223, 34.327659 ], [ -82.546291, 34.327645 ], [ -82.5464, 34.327594 ], [ -82.546616, 34.327296 ], [ -82.546765, 34.327231 ], [ -82.547114, 34.327222 ], [ -82.547247, 34.327237 ], [ -82.547368, 34.327268 ], [ -82.547594, 34.32735 ], [ -82.547807, 34.327536 ], [ -82.547947, 34.327703 ], [ -82.547993, 34.327833 ], [ -82.548071, 34.327937 ], [ -82.548259, 34.328052 ], [ -82.54845, 34.328106 ], [ -82.548733, 34.328098 ], [ -82.549102, 34.328038 ], [ -82.549203, 34.327967 ], [ -82.549222, 34.327891 ], [ -82.549156, 34.327741 ], [ -82.549162, 34.327647 ], [ -82.549178, 34.327623 ], [ -82.549474, 34.327645 ], [ -82.54981, 34.327777 ], [ -82.549952, 34.32781 ], [ -82.550134, 34.327748 ], [ -82.550451, 34.327547 ], [ -82.550635, 34.32751 ], [ -82.550713, 34.327518 ], [ -82.550951, 34.327616 ], [ -82.551237, 34.32781 ], [ -82.551352, 34.328 ], [ -82.551329, 34.328148 ], [ -82.551201, 34.328219 ], [ -82.550858, 34.328324 ], [ -82.550646, 34.328153 ], [ -82.550516, 34.328092 ], [ -82.550221, 34.328115 ], [ -82.550003, 34.328226 ], [ -82.549912, 34.328359 ], [ -82.549751, 34.328675 ], [ -82.549652, 34.32876 ], [ -82.549509, 34.32885 ], [ -82.549431, 34.32888 ], [ -82.549148, 34.328943 ], [ -82.548882, 34.328953 ], [ -82.548455, 34.328899 ], [ -82.548096, 34.328921 ], [ -82.547843, 34.328872 ], [ -82.547664, 34.328794 ], [ -82.5473, 34.328602 ], [ -82.547144, 34.328556 ], [ -82.546646, 34.328324 ], [ -82.546073, 34.328129 ], [ -82.545499, 34.327995 ], [ -82.545118, 34.327995 ], [ -82.54483, 34.328036 ], [ -82.544447, 34.328215 ], [ -82.543928, 34.328369 ], [ -82.543818, 34.32839 ], [ -82.543598, 34.328382 ], [ -82.543243, 34.328264 ], [ -82.54319, 34.328225 ], [ -82.5432, 34.328167 ] ] ] } },
{ "type": "Feature", "properties": { "mukey": "1154992", "musym": "CcC", "muname": "Cecil sandy loam, 6 to 10 percent slopes", "aws025wta": 2.99, "soil_area_m2": 9354.5350612626207 }, "geometry": { "type": "Polygon", "coordinates": [ [ [ -82.554727, 34.328635 ], [ -82.554111, 34.328467 ], [ -82.553681, 34.32829 ], [ -82.553559, 34.328213 ], [ -82.55337, 34.328046 ], [ -82.553344, 34.327997 ], [ -82.55335, 34.327909 ], [ -82.553461, 34.327806 ], [ -82.553642, 34.327766 ], [ -82.553772, 34.327761 ], [ -82.55394, 34.327785 ], [ -82.554082, 34.327832 ], [ -82.554454, 34.328002 ], [ -82.554983, 34.328125 ], [ -82.55539, 34.328199 ], [ -82.554727, 34.328635 ] ] ] } },
{ "type": "Feature", "properties": { "mukey": "131793", "musym": "CdB", "muname": "Cecil sandy loam, 2 to 6 percent slopes", "aws025wta": 2.95, "soil_area_m2": 1032.2979598372747 }, "geometry": { "type": "Polygon", "coordinates": [ [ [ -82.555703, 34.32848 ], [ -82.55539, 34.328199 ], [ -82.555623573712424, 34.328058580532797 ], [ -82.555697118077475, 34.328160364847584 ], [ -82.555922802253079, 34.328556181625018 ], [ -82.555703, 34.32848 ] ] ] } },
{ "type": "Feature", "properties": { "mukey": "1154991", "musym": "CcB", "muname": "Cecil sandy loam, 2 to 6 percent slopes", "aws025wta": 2.95, "soil_area_m2": 705204.94435748237 }, "geometry": { "type": "MultiPolygon", "coordinates": [ [ [ [ -82.537552, 34.335164 ], [ -82.537308, 34.335059 ], [ -82.536757, 34.335027 ], [ -82.536699, 34.335001 ], [ -82.536671, 34.334967 ], [ -82.536679, 34.334896 ], [ -82.536763, 34.334758 ], [ -82.536836, 34.334681 ], [ -82.537054, 34.334578 ], [ -82.537367, 34.334503 ], [ -82.53757, 34.334392 ], [ -82.537819, 34.33413 ], [ -82.537903, 34.333955 ], [ -82.537941, 34.33382 ], [ -82.537944, 34.333617 ], [ -82.537903, 34.333469 ], [ -82.537774, 34.333346 ], [ -82.537576, 34.333287 ], [ -82.537469, 34.33327 ], [ -82.537249, 34.333266 ], [ -82.537066, 34.333308 ], [ -82.536868, 34.333399 ], [ -82.536514, 34.333635 ], [ -82.536263, 34.333681 ], [ -82.535978, 34.333695 ], [ -82.535917, 34.333685 ], [ -82.535883, 34.333631 ], [ -82.535908, 34.333435 ], [ -82.536008, 34.333245 ], [ -82.536078, 34.333175 ], [ -82.5364, 34.332937 ], [ -82.53652, 34.332873 ], [ -82.536755, 34.332784 ], [ -82.536907, 34.332743 ], [ -82.537897, 34.332653 ], [ -82.538552, 34.332535 ], [ -82.538786, 34.332288 ], [ -82.538816, 34.33213 ], [ -82.53881, 34.332078 ], [ -82.538721, 34.331987 ], [ -82.538674, 34.331965 ], [ -82.538441, 34.331967 ], [ -82.53793, 34.332088 ], [ -82.537662, 34.332114 ], [ -82.537564, 34.331957 ], [ -82.537449, 34.331899 ], [ -82.53697, 34.331923 ], [ -82.536828, 34.331904 ], [ -82.536763, 34.33182 ], [ -82.536756, 34.331688 ], [ -82.536898, 34.33141 ], [ -82.536907, 34.33112 ], [ -82.537143, 34.331132 ], [ -82.537475, 34.331284 ], [ -82.537594, 34.331316 ], [ -82.537802, 34.331324 ], [ -82.537855, 34.331253 ], [ -82.537871, 34.33106 ], [ -82.537764, 34.330761 ], [ -82.537762, 34.330574 ], [ -82.537846, 34.330297 ], [ -82.537954, 34.330152 ], [ -82.538592, 34.329727 ], [ -82.53879, 34.329814 ], [ -82.539154, 34.330014 ], [ -82.539443, 34.330106 ], [ -82.539642, 34.330102 ], [ -82.540213, 34.329957 ], [ -82.540602, 34.329778 ], [ -82.541056, 34.32965 ], [ -82.541123, 34.329586 ], [ -82.541691, 34.329618 ], [ -82.541932, 34.329576 ], [ -82.542299, 34.329489 ], [ -82.542708, 34.329301 ], [ -82.542904, 34.329268 ], [ -82.543178, 34.329264 ], [ -82.54335, 34.32932 ], [ -82.543664, 34.329361 ], [ -82.544106, 34.329322 ], [ -82.544233, 34.329352 ], [ -82.544378, 34.329454 ], [ -82.544386, 34.329612 ], [ -82.544348, 34.329858 ], [ -82.544322, 34.3299 ], [ -82.54438, 34.330065 ], [ -82.544473, 34.330239 ], [ -82.54463, 34.330312 ], [ -82.544808, 34.330342 ], [ -82.545515, 34.33033 ], [ -82.546156, 34.330372 ], [ -82.546285, 34.330451 ], [ -82.54637, 34.330479 ], [ -82.546383, 34.330526 ], [ -82.546374, 34.330715 ], [ -82.546279, 34.330879 ], [ -82.546096, 34.331009 ], [ -82.545757, 34.331162 ], [ -82.545654, 34.331276 ], [ -82.545636, 34.331499 ], [ -82.54565, 34.331556 ], [ -82.545757, 34.331688 ], [ -82.545981, 34.3319 ], [ -82.546229, 34.332051 ], [ -82.546334, 34.332078 ], [ -82.546634, 34.332053 ], [ -82.546792, 34.331955 ], [ -82.546862, 34.331808 ], [ -82.546968, 34.331369 ], [ -82.547086, 34.331211 ], [ -82.547291, 34.33105 ], [ -82.547886, 34.330828 ], [ -82.548156, 34.330759 ], [ -82.548725, 34.330511 ], [ -82.549717, 34.330268 ], [ -82.550162, 34.330078 ], [ -82.550715, 34.329947 ], [ -82.550914, 34.329884 ], [ -82.551263, 34.329885 ], [ -82.551575, 34.329829 ], [ -82.551884, 34.329892 ], [ -82.552189, 34.329794 ], [ -82.552331, 34.329659 ], [ -82.552692, 34.329562 ], [ -82.552885, 34.329445 ], [ -82.553095, 34.329369 ], [ -82.553208, 34.329272 ], [ -82.553253, 34.329161 ], [ -82.553263, 34.32907 ], [ -82.553212, 34.329041 ], [ -82.553148, 34.329032 ], [ -82.552851, 34.32905 ], [ -82.55268, 34.329082 ], [ -82.552591, 34.32908 ], [ -82.552386, 34.328883 ], [ -82.552368, 34.32867 ], [ -82.55229, 34.328595 ], [ -82.552245, 34.328584 ], [ -82.552114, 34.328592 ], [ -82.551898, 34.328667 ], [ -82.551735, 34.328886 ], [ -82.551591, 34.329005 ], [ -82.551507, 34.329042 ], [ -82.551265, 34.329008 ], [ -82.551055, 34.328897 ], [ -82.550916, 34.328733 ], [ -82.550884, 34.328635 ], [ -82.550843, 34.328384 ], [ -82.550858, 34.328324 ], [ -82.551201, 34.328219 ], [ -82.551329, 34.328148 ], [ -82.551352, 34.328 ], [ -82.551237, 34.32781 ], [ -82.550951, 34.327616 ], [ -82.550713, 34.327518 ], [ -82.550635, 34.32751 ], [ -82.550451, 34.327547 ], [ -82.550134, 34.327748 ], [ -82.549952, 34.32781 ], [ -82.54981, 34.327777 ], [ -82.549474, 34.327645 ], [ -82.549178, 34.327623 ], [ -82.549162, 34.327647 ], [ -82.549156, 34.327741 ], [ -82.549222, 34.327891 ], [ -82.549203, 34.327967 ], [ -82.549102, 34.328038 ], [ -82.548733, 34.328098 ], [ -82.54845, 34.328106 ], [ -82.548259, 34.328052 ], [ -82.548071, 34.327937 ], [ -82.547993, 34.327833 ], [ -82.547947, 34.327703 ], [ -82.547807, 34.327536 ], [ -82.547594, 34.32735 ], [ -82.547368, 34.327268 ], [ -82.547247, 34.327237 ], [ -82.547114, 34.327222 ], [ -82.546765, 34.327231 ], [ -82.546616, 34.327296 ], [ -82.5464, 34.327594 ], [ -82.546291, 34.327645 ], [ -82.546223, 34.327659 ], [ -82.546081, 34.32766 ], [ -82.546009, 34.327646 ], [ -82.545753, 34.327538 ], [ -82.545245, 34.327243 ], [ -82.545037, 34.327142 ], [ -82.544832, 34.327092 ], [ -82.544689, 34.327074 ], [ -82.544454, 34.327075 ], [ -82.544405, 34.327086 ], [ -82.54432, 34.327148 ], [ -82.544338, 34.327475 ], [ -82.544445, 34.327721 ], [ -82.544434, 34.327854 ], [ -82.544386, 34.327969 ], [ -82.544338, 34.327994 ], [ -82.544104, 34.328052 ], [ -82.54404, 34.328025 ], [ -82.54377, 34.327826 ], [ -82.54361, 34.327626 ], [ -82.543713, 34.327394 ], [ -82.543665, 34.32717 ], [ -82.543525, 34.326901 ], [ -82.543683, 34.326735 ], [ -82.543713, 34.326631 ], [ -82.543661, 34.326556 ], [ -82.543509, 34.326459 ], [ -82.543274, 34.32641 ], [ -82.543075, 34.326299 ], [ -82.54307, 34.326241 ], [ -82.54311, 34.326126 ], [ -82.543285, 34.325963 ], [ -82.543564, 34.325757 ], [ -82.543872, 34.32557 ], [ -82.544098, 34.325457 ], [ -82.544531, 34.325326 ], [ -82.544797, 34.32531 ], [ -82.544776, 34.325372 ], [ -82.544799, 34.325477 ], [ -82.544864, 34.325532 ], [ -82.545077, 34.325564 ], [ -82.545475, 34.3255 ], [ -82.545776, 34.325251 ], [ -82.54621, 34.324758 ], [ -82.546515, 34.324506 ], [ -82.546604841960445, 34.324386210878579 ], [ -82.546928025189573, 34.324425739542974 ], [ -82.547442368690696, 34.324531954862096 ], [ -82.547657609371001, 34.324595431188008 ], [ -82.54711, 34.325032 ], [ -82.546934, 34.325122 ], [ -82.546695, 34.325342 ], [ -82.546544, 34.325516 ], [ -82.546396, 34.325768 ], [ -82.546368, 34.326519 ], [ -82.546489, 34.326618 ], [ -82.546632, 34.326658 ], [ -82.547007, 34.326634 ], [ -82.547398, 34.32649 ], [ -82.547731, 34.326249 ], [ -82.54786, 34.326207 ], [ -82.548102, 34.326232 ], [ -82.548366, 34.326175 ], [ -82.548751, 34.325967 ], [ -82.549088, 34.325874 ], [ -82.549195, 34.325786 ], [ -82.549308, 34.325538 ], [ -82.549253, 34.325334 ], [ -82.549224469776505, 34.325303067266645 ], [ -82.549304017950817, 34.325351619259713 ], [ -82.54969833767187, 34.325645478963509 ], [ -82.549844001584532, 34.325777468598858 ], [ -82.55000649041915, 34.325777468653371 ], [ -82.550275967608727, 34.325777467891733 ], [ -82.550635334779329, 34.325777469321018 ], [ -82.550904816355938, 34.325777469759551 ], [ -82.55143742048763, 34.325799176558085 ], [ -82.551866422542801, 34.325851969457467 ], [ -82.551866, 34.325935 ], [ -82.551822, 34.325945 ], [ -82.551483, 34.326127 ], [ -82.551079, 34.326435 ], [ -82.551004, 34.326504 ], [ -82.550826, 34.326753 ], [ -82.550801, 34.326822 ], [ -82.550811, 34.326995 ], [ -82.550845, 34.32711 ], [ -82.551043, 34.327261 ], [ -82.551478, 34.327459 ], [ -82.551791, 34.327528 ], [ -82.552047, 34.327536 ], [ -82.552196, 34.327502 ], [ -82.552463, 34.327363 ], [ -82.552737, 34.327179 ], [ -82.553126, 34.326975 ], [ -82.553142, 34.326951 ], [ -82.553375, 34.326832 ], [ -82.553649, 34.326747 ], [ -82.554046, 34.326761 ], [ -82.554231, 34.326804 ], [ -82.554462433913045, 34.326883734729826 ], [ -82.554747139703139, 34.327097798380386 ], [ -82.555105267537925, 34.327425585038526 ], [ -82.555422946875396, 34.327780914423741 ], [ -82.555623573712424, 34.328058580532797 ], [ -82.55539, 34.328199 ], [ -82.554983, 34.328125 ], [ -82.554454, 34.328002 ], [ -82.554082, 34.327832 ], [ -82.55394, 34.327785 ], [ -82.553772, 34.327761 ], [ -82.553642, 34.327766 ], [ -82.553461, 34.327806 ], [ -82.55335, 34.327909 ], [ -82.553344, 34.327997 ], [ -82.55337, 34.328046 ], [ -82.553559, 34.328213 ], [ -82.553681, 34.32829 ], [ -82.554111, 34.328467 ], [ -82.554727, 34.328635 ], [ -82.550953, 34.331092 ], [ -82.550235, 34.331157 ], [ -82.549104, 34.331423 ], [ -82.548622, 34.331615 ], [ -82.54785, 34.331893 ], [ -82.547676, 34.332015 ], [ -82.547644, 34.332146 ], [ -82.54765, 34.332193 ], [ -82.547775, 34.332322 ], [ -82.547915, 34.332418 ], [ -82.548179, 34.332521 ], [ -82.548469, 34.33256 ], [ -82.548591, 34.332592 ], [ -82.54714, 34.333508 ], [ -82.546719, 34.333282 ], [ -82.546233, 34.332929 ], [ -82.545775, 34.332677 ], [ -82.545376, 34.33252 ], [ -82.544836, 34.332375 ], [ -82.5446, 34.332378 ], [ -82.544209, 34.332318 ], [ -82.54393, 34.332382 ], [ -82.543547, 34.332548 ], [ -82.543435, 34.332675 ], [ -82.543317, 34.332929 ], [ -82.543235, 34.333009 ], [ -82.543134, 34.33301 ], [ -82.542652, 34.333092 ], [ -82.542461, 34.33308 ], [ -82.542329, 34.333019 ], [ -82.542178, 34.33281 ], [ -82.542174, 34.332649 ], [ -82.542344, 34.332378 ], [ -82.54233, 34.332173 ], [ -82.542261, 34.332024 ], [ -82.542171, 34.331912 ], [ -82.542011, 34.331785 ], [ -82.541731, 34.331758 ], [ -82.541614, 34.331788 ], [ -82.541488, 34.331874 ], [ -82.541364, 34.332119 ], [ -82.541338, 34.332397 ], [ -82.540504, 34.332453 ], [ -82.540233, 34.332536 ], [ -82.540045, 34.332754 ], [ -82.540004, 34.332877 ], [ -82.540007, 34.332969 ], [ -82.540028, 34.333015 ], [ -82.540183, 34.333197 ], [ -82.540553, 34.333451 ], [ -82.540568, 34.333523 ], [ -82.540563, 34.333894 ], [ -82.540654, 34.334004 ], [ -82.540795, 34.334036 ], [ -82.541185, 34.334043 ], [ -82.54137, 34.334175 ], [ -82.541409, 34.334222 ], [ -82.541489, 34.334461 ], [ -82.541521, 34.334656 ], [ -82.541441, 34.334979 ], [ -82.541456, 34.33513 ], [ -82.541668, 34.335447 ], [ -82.541737, 34.335677 ], [ -82.541743, 34.33582 ], [ -82.5416, 34.336015 ], [ -82.541553, 34.335985 ], [ -82.541326, 34.335945 ], [ -82.541156, 34.335649 ], [ -82.541051, 34.335356 ], [ -82.540902, 34.335207 ], [ -82.540727, 34.335181 ], [ -82.540341, 34.335223 ], [ -82.540212, 34.335189 ], [ -82.540164, 34.335153 ], [ -82.540108, 34.33486 ], [ -82.540088, 34.334832 ], [ -82.539906, 34.334703 ], [ -82.539733, 34.334672 ], [ -82.539682, 34.334638 ], [ -82.539582, 34.334517 ], [ -82.539525, 34.334376 ], [ -82.539491, 34.334348 ], [ -82.539328, 34.334265 ], [ -82.539209, 34.334251 ], [ -82.539044, 34.334257 ], [ -82.538896, 34.334366 ], [ -82.538855, 34.334433 ], [ -82.538808, 34.334857 ], [ -82.538836, 34.335286 ], [ -82.538936, 34.33559 ], [ -82.539009, 34.335688 ], [ -82.539158, 34.335818 ], [ -82.539197, 34.335834 ], [ -82.539463, 34.335846 ], [ -82.539779, 34.335793 ], [ -82.539854, 34.335794 ], [ -82.539985, 34.335885 ], [ -82.54057, 34.336191 ], [ -82.540848, 34.336391 ], [ -82.540961, 34.336548 ], [ -82.540941, 34.336796 ], [ -82.540801, 34.336933 ], [ -82.540525, 34.337064 ], [ -82.540435, 34.33707 ], [ -82.54042, 34.337056 ], [ -82.540249, 34.337038 ], [ -82.539935, 34.336931 ], [ -82.539762, 34.336804 ], [ -82.539689, 34.336707 ], [ -82.539575, 34.336429 ], [ -82.539437, 34.336328 ], [ -82.539319, 34.33633 ], [ -82.53927, 34.336372 ], [ -82.539197, 34.336498 ], [ -82.539098, 34.337012 ], [ -82.538935, 34.337441 ], [ -82.538748, 34.337669 ], [ -82.538644, 34.337735 ], [ -82.538506, 34.337777 ], [ -82.538358, 34.337753 ], [ -82.538307, 34.337658 ], [ -82.538294, 34.337572 ], [ -82.5383, 34.337006 ], [ -82.538344, 34.336286 ], [ -82.538291, 34.336203 ], [ -82.538164, 34.336108 ], [ -82.538023, 34.336104 ], [ -82.53794, 34.33613 ], [ -82.537634, 34.336296 ], [ -82.537479, 34.336346 ], [ -82.537408, 34.33635 ], [ -82.537237, 34.336322 ], [ -82.537194, 34.336233 ], [ -82.537219, 34.336112 ], [ -82.537994, 34.335461 ], [ -82.538036, 34.335405 ], [ -82.538046, 34.33536 ], [ -82.538029, 34.335195 ], [ -82.537969, 34.335132 ], [ -82.537802, 34.33511 ], [ -82.537622, 34.335181 ], [ -82.537578, 34.335217 ], [ -82.537552, 34.335164 ] ] ], [ [ [ -82.54718, 34.323769 ], [ -82.547436, 34.323576 ], [ -82.547977, 34.323298 ], [ -82.54838, 34.323029 ], [ -82.548493, 34.322933 ], [ -82.548628, 34.322757 ], [ -82.548672, 34.322648 ], [ -82.548771, 34.322487 ], [ -82.549202, 34.321995 ], [ -82.549389, 34.321858 ], [ -82.549485, 34.321822 ], [ -82.549744, 34.321763 ], [ -82.550065, 34.321796 ], [ -82.550418, 34.322086 ], [ -82.550516, 34.322271 ], [ -82.550608, 34.322608 ], [ -82.550588, 34.322826 ], [ -82.550495, 34.323044 ], [ -82.55042, 34.323143 ], [ -82.550318, 34.323234 ], [ -82.550156, 34.32333 ], [ -82.549695, 34.323492 ], [ -82.549527, 34.323568 ], [ -82.549291, 34.323626 ], [ -82.548755, 34.323892 ], [ -82.548471, 34.324098 ], [ -82.548437, 34.324106 ], [ -82.548013419374044, 34.324369185943048 ], [ -82.547530846377356, 34.324268891362046 ], [ -82.547028786906722, 34.32411984195673 ], [ -82.546892800722702, 34.324066477807257 ], [ -82.54718, 34.323769 ] ] ], [ [ [ -82.549294, 34.324425 ], [ -82.54953, 34.324265 ], [ -82.549731, 34.324175 ], [ -82.549959, 34.324157 ], [ -82.550138, 34.324191 ], [ -82.550327, 34.324329 ], [ -82.550370752962635, 34.32446302250969 ], [ -82.549259967533999, 34.324463024008587 ], [ -82.549294, 34.324425 ] ] ] ] } },
{ "type": "Feature", "properties": { "mukey": "1155019", "musym": "PaF", "muname": "Pacolet sandy loam, 15 to 40 percent slopes", "aws025wta": 2.99, "soil_area_m2": 142714.28729269857 }, "geometry": { "type": "Polygon", "coordinates": [ [ [ -82.546481, 34.330443 ], [ -82.546642, 34.330324 ], [ -82.546842, 34.330128 ], [ -82.546897, 34.330022 ], [ -82.546909, 34.329801 ], [ -82.546823, 34.329671 ], [ -82.546634, 34.329453 ], [ -82.546573, 34.32934 ], [ -82.546567, 34.329102 ], [ -82.546464, 34.329001 ], [ -82.546388, 34.328971 ], [ -82.546392, 34.328961 ], [ -82.545218, 34.328895 ], [ -82.544592, 34.328888 ], [ -82.544167, 34.328929 ], [ -82.543786, 34.328919 ], [ -82.543604, 34.328905 ], [ -82.543171, 34.328824 ], [ -82.543171, 34.328813 ], [ -82.543124, 34.3288 ], [ -82.542733, 34.328781 ], [ -82.542634, 34.328703 ], [ -82.54262, 34.328604 ], [ -82.542652, 34.328566 ], [ -82.542824, 34.328508 ], [ -82.54289, 34.328453 ], [ -82.542913, 34.328358 ], [ -82.54319, 34.328225 ], [ -82.543243, 34.328264 ], [ -82.543598, 34.328382 ], [ -82.543818, 34.32839 ], [ -82.543928, 34.328369 ], [ -82.544447, 34.328215 ], [ -82.54483, 34.328036 ], [ -82.545118, 34.327995 ], [ -82.545499, 34.327995 ], [ -82.546073, 34.328129 ], [ -82.546646, 34.328324 ], [ -82.547144, 34.328556 ], [ -82.5473, 34.328602 ], [ -82.547664, 34.328794 ], [ -82.547843, 34.328872 ], [ -82.548096, 34.328921 ], [ -82.548455, 34.328899 ], [ -82.548882, 34.328953 ], [ -82.549148, 34.328943 ], [ -82.549431, 34.32888 ], [ -82.549509, 34.32885 ], [ -82.549652, 34.32876 ], [ -82.549751, 34.328675 ], [ -82.549912, 34.328359 ], [ -82.550003, 34.328226 ], [ -82.550221, 34.328115 ], [ -82.550516, 34.328092 ], [ -82.550646, 34.328153 ], [ -82.550858, 34.328324 ], [ -82.550843, 34.328384 ], [ -82.550884, 34.328635 ], [ -82.550916, 34.328733 ], [ -82.551055, 34.328897 ], [ -82.551265, 34.329008 ], [ -82.551507, 34.329042 ], [ -82.551591, 34.329005 ], [ -82.551735, 34.328886 ], [ -82.551898, 34.328667 ], [ -82.552114, 34.328592 ], [ -82.552245, 34.328584 ], [ -82.55229, 34.328595 ], [ -82.552368, 34.32867 ], [ -82.552386, 34.328883 ], [ -82.552591, 34.32908 ], [ -82.55268, 34.329082 ], [ -82.552851, 34.32905 ], [ -82.553148, 34.329032 ], [ -82.553212, 34.329041 ], [ -82.553263, 34.32907 ], [ -82.553253, 34.329161 ], [ -82.553208, 34.329272 ], [ -82.553095, 34.329369 ], [ -82.552885, 34.329445 ], [ -82.552692, 34.329562 ], [ -82.552331, 34.329659 ], [ -82.552189, 34.329794 ], [ -82.551884, 34.329892 ], [ -82.551575, 34.329829 ], [ -82.551263, 34.329885 ], [ -82.550914, 34.329884 ], [ -82.550715, 34.329947 ], [ -82.550162, 34.330078 ], [ -82.549717, 34.330268 ], [ -82.548725, 34.330511 ], [ -82.548156, 34.330759 ], [ -82.547886, 34.330828 ], [ -82.547291, 34.33105 ], [ -82.547086, 34.331211 ], [ -82.546968, 34.331369 ], [ -82.546862, 34.331808 ], [ -82.546792, 34.331955 ], [ -82.546634, 34.332053 ], [ -82.546334, 34.332078 ], [ -82.546229, 34.332051 ], [ -82.545981, 34.3319 ], [ -82.545757, 34.331688 ], [ -82.54565, 34.331556 ], [ -82.545636, 34.331499 ], [ -82.545654, 34.331276 ], [ -82.545757, 34.331162 ], [ -82.546096, 34.331009 ], [ -82.546279, 34.330879 ], [ -82.546374, 34.330715 ], [ -82.546383, 34.330526 ], [ -82.54637, 34.330479 ], [ -82.546481, 34.330443 ] ] ] } },
{ "type": "Feature", "properties": { "mukey": "1154991", "musym": "CcB", "muname": "Cecil sandy loam, 2 to 6 percent slopes", "aws025wta": 2.95, "soil_area_m2": 162750.2747323298 }, "geometry": { "type": "Polygon", "coordinates": [ [ [ -82.534314, 34.328086 ], [ -82.534193, 34.327953 ], [ -82.534034, 34.32733 ], [ -82.534018, 34.327227 ], [ -82.534043, 34.326999 ], [ -82.534199, 34.326622 ], [ -82.534564, 34.32604 ], [ -82.535167, 34.325481 ], [ -82.535373, 34.325302 ], [ -82.535671, 34.325099 ], [ -82.536008, 34.324751 ], [ -82.536124, 34.324711 ], [ -82.53632, 34.324669 ], [ -82.537179, 34.324723 ], [ -82.537583, 34.324707 ], [ -82.537771, 34.324731 ], [ -82.537943, 34.324808 ], [ -82.538171, 34.325042 ], [ -82.538379, 34.325134 ], [ -82.538651, 34.325141 ], [ -82.538961, 34.325068 ], [ -82.539087, 34.325122 ], [ -82.539213, 34.325475 ], [ -82.539516, 34.325649 ], [ -82.539596, 34.325681 ], [ -82.539759, 34.325792 ], [ -82.539844, 34.325876 ], [ -82.539864, 34.326034 ], [ -82.53983, 34.326195 ], [ -82.539691, 34.326348 ], [ -82.539531, 34.326435 ], [ -82.538139, 34.326702 ], [ -82.537824, 34.32682 ], [ -82.537701, 34.326922 ], [ -82.537685, 34.326943 ], [ -82.537699, 34.32715 ], [ -82.537845, 34.327331 ], [ -82.538105, 34.327781 ], [ -82.538107, 34.328074 ], [ -82.538038, 34.328304 ], [ -82.537814, 34.328666 ], [ -82.537745, 34.32866 ], [ -82.537655, 34.328685 ], [ -82.537459, 34.328779 ], [ -82.537173, 34.328822 ], [ -82.536635, 34.328749 ], [ -82.536298, 34.328773 ], [ -82.536132, 34.32889 ], [ -82.536005, 34.32909 ], [ -82.535764, 34.329379 ], [ -82.535635, 34.329477 ], [ -82.535568, 34.329506 ], [ -82.535434, 34.329517 ], [ -82.535254, 34.329411 ], [ -82.535213, 34.328608 ], [ -82.535163, 34.328391 ], [ -82.53504, 34.328038 ], [ -82.534941, 34.328005 ], [ -82.534878, 34.328005 ], [ -82.534509, 34.32809 ], [ -82.534459, 34.328126 ], [ -82.534314, 34.328086 ] ] ] } },
{ "type": "Feature", "properties": { "mukey": "1155022", "musym": "W", "muname": "Water", "aws025wta": null, "soil_area_m2": 5659.5801240903284 }, "geometry": { "type": "Polygon", "coordinates": [ [ [ -82.541027, 34.328468 ], [ -82.541355, 34.328479 ], [ -82.541545, 34.328498 ], [ -82.541634, 34.328987 ], [ -82.541656, 34.3293 ], [ -82.541647, 34.329343 ], [ -82.541593, 34.329363 ], [ -82.541551, 34.329372 ], [ -82.541197, 34.329228 ], [ -82.541029, 34.329138 ], [ -82.540952, 34.329055 ], [ -82.540861, 34.328844 ], [ -82.540828, 34.328684 ], [ -82.54084, 34.328606 ], [ -82.540883, 34.328537 ], [ -82.540933, 34.328496 ], [ -82.541027, 34.328468 ] ] ] } },
{ "type": "Feature", "properties": { "mukey": "1154992", "musym": "CcC", "muname": "Cecil sandy loam, 6 to 10 percent slopes", "aws025wta": 2.99, "soil_area_m2": 62109.695363451341 }, "geometry": { "type": "Polygon", "coordinates": [ [ [ -82.545515, 34.33033 ], [ -82.544808, 34.330342 ], [ -82.54463, 34.330312 ], [ -82.544473, 34.330239 ], [ -82.54438, 34.330065 ], [ -82.544322, 34.3299 ], [ -82.544348, 34.329858 ], [ -82.544386, 34.329612 ], [ -82.544378, 34.329454 ], [ -82.544233, 34.329352 ], [ -82.544106, 34.329322 ], [ -82.543664, 34.329361 ], [ -82.54335, 34.32932 ], [ -82.543178, 34.329264 ], [ -82.542904, 34.329268 ], [ -82.542708, 34.329301 ], [ -82.542299, 34.329489 ], [ -82.541932, 34.329576 ], [ -82.541691, 34.329618 ], [ -82.541123, 34.329586 ], [ -82.541119, 34.329527 ], [ -82.540995, 34.329423 ], [ -82.540886, 34.329267 ], [ -82.540813, 34.329199 ], [ -82.540663, 34.328979 ], [ -82.54058, 34.328689 ], [ -82.540564, 34.32858 ], [ -82.540621, 34.328336 ], [ -82.540711, 34.328249 ], [ -82.540977, 34.328078 ], [ -82.541152, 34.328036 ], [ -82.541252, 34.328043 ], [ -82.541462, 34.328126 ], [ -82.54185, 34.328386 ], [ -82.542256, 34.32842 ], [ -82.542913, 34.328358 ], [ -82.54289, 34.328453 ], [ -82.542824, 34.328508 ], [ -82.542652, 34.328566 ], [ -82.54262, 34.328604 ], [ -82.542634, 34.328703 ], [ -82.542733, 34.328781 ], [ -82.543124, 34.3288 ], [ -82.543171, 34.328813 ], [ -82.543171, 34.328824 ], [ -82.543604, 34.328905 ], [ -82.543786, 34.328919 ], [ -82.544167, 34.328929 ], [ -82.544592, 34.328888 ], [ -82.545218, 34.328895 ], [ -82.546392, 34.328961 ], [ -82.546388, 34.328971 ], [ -82.546464, 34.329001 ], [ -82.546567, 34.329102 ], [ -82.546573, 34.32934 ], [ -82.546634, 34.329453 ], [ -82.546823, 34.329671 ], [ -82.546909, 34.329801 ], [ -82.546897, 34.330022 ], [ -82.546842, 34.330128 ], [ -82.546642, 34.330324 ], [ -82.546481, 34.330443 ], [ -82.54637, 34.330479 ], [ -82.546285, 34.330451 ], [ -82.546156, 34.330372 ], [ -82.545515, 34.33033 ] ], [ [ -82.540883, 34.328537 ], [ -82.54084, 34.328606 ], [ -82.540828, 34.328684 ], [ -82.540861, 34.328844 ], [ -82.540952, 34.329055 ], [ -82.541029, 34.329138 ], [ -82.541197, 34.329228 ], [ -82.541551, 34.329372 ], [ -82.541593, 34.329363 ], [ -82.541647, 34.329343 ], [ -82.541656, 34.3293 ], [ -82.541634, 34.328987 ], [ -82.541545, 34.328498 ], [ -82.541355, 34.328479 ], [ -82.541027, 34.328468 ], [ -82.540933, 34.328496 ], [ -82.540883, 34.328537 ] ] ] } },
{ "type": "Feature", "properties": { "mukey": "1154992", "musym": "CcC", "muname": "Cecil sandy loam, 6 to 10 percent slopes", "aws025wta": 2.99, "soil_area_m2": 90399.692780622747 }, "geometry": { "type": "Polygon", "coordinates": [ [ [ -82.534401, 34.329114 ], [ -82.534426, 34.329063 ], [ -82.534457, 34.328866 ], [ -82.534459, 34.328126 ], [ -82.534509, 34.32809 ], [ -82.534878, 34.328005 ], [ -82.534941, 34.328005 ], [ -82.53504, 34.328038 ], [ -82.535163, 34.328391 ], [ -82.535213, 34.328608 ], [ -82.535254, 34.329411 ], [ -82.535434, 34.329517 ], [ -82.535568, 34.329506 ], [ -82.535635, 34.329477 ], [ -82.535764, 34.329379 ], [ -82.536005, 34.32909 ], [ -82.536132, 34.32889 ], [ -82.536298, 34.328773 ], [ -82.536635, 34.328749 ], [ -82.537173, 34.328822 ], [ -82.537459, 34.328779 ], [ -82.537655, 34.328685 ], [ -82.537745, 34.32866 ], [ -82.537814, 34.328666 ], [ -82.53807, 34.328689 ], [ -82.538286, 34.32878 ], [ -82.538469, 34.328899 ], [ -82.538689, 34.329082 ], [ -82.538786, 34.329241 ], [ -82.538824, 34.329386 ], [ -82.538771, 34.329564 ], [ -82.538592, 34.329727 ], [ -82.537954, 34.330152 ], [ -82.537846, 34.330297 ], [ -82.537762, 34.330574 ], [ -82.537764, 34.330761 ], [ -82.537871, 34.33106 ], [ -82.537855, 34.331253 ], [ -82.537802, 34.331324 ], [ -82.537594, 34.331316 ], [ -82.537475, 34.331284 ], [ -82.537143, 34.331132 ], [ -82.536907, 34.33112 ], [ -82.536904, 34.331026 ], [ -82.53683, 34.330814 ], [ -82.536798, 34.330768 ], [ -82.536627, 34.330612 ], [ -82.536405, 34.330487 ], [ -82.536211, 34.33044 ], [ -82.535933, 34.330463 ], [ -82.535814, 34.330495 ], [ -82.535547, 34.330612 ], [ -82.535079, 34.330906 ], [ -82.534995, 34.330935 ], [ -82.534436, 34.331013 ], [ -82.534425, 34.330963 ], [ -82.534279, 34.330783 ], [ -82.534234, 34.330671 ], [ -82.53383, 34.330273 ], [ -82.533693, 34.330029 ], [ -82.533681, 34.329809 ], [ -82.533764, 34.329658 ], [ -82.534211, 34.329338 ], [ -82.534401, 34.329114 ] ] ] } },
{ "type": "Feature", "properties": { "mukey": "1154985", "musym": "ApB", "muname": "Appling sandy loam, 2 to 6 percent slopes", "aws025wta": 3.5, "soil_area_m2": 34558.747959968525 }, "geometry": { "type": "Polygon", "coordinates": [ [ [ -82.535701, 34.331787 ], [ -82.535784, 34.331629 ], [ -82.535853, 34.33137 ], [ -82.53587, 34.331223 ], [ -82.535844, 34.331148 ], [ -82.535651, 34.330997 ], [ -82.535491, 34.330999 ], [ -82.535304, 34.331039 ], [ -82.535225, 34.331096 ], [ -82.535121, 34.331217 ], [ -82.534981, 34.331596 ], [ -82.534941, 34.331785 ], [ -82.534859, 34.331944 ], [ -82.534762, 34.331973 ], [ -82.534663, 34.331922 ], [ -82.534625, 34.331858 ], [ -82.534628, 34.331471 ], [ -82.534562, 34.331308 ], [ -82.534462, 34.331138 ], [ -82.534436, 34.331013 ], [ -82.534995, 34.330935 ], [ -82.535079, 34.330906 ], [ -82.535547, 34.330612 ], [ -82.535814, 34.330495 ], [ -82.535933, 34.330463 ], [ -82.536211, 34.33044 ], [ -82.536405, 34.330487 ], [ -82.536627, 34.330612 ], [ -82.536798, 34.330768 ], [ -82.53683, 34.330814 ], [ -82.536904, 34.331026 ], [ -82.536907, 34.33112 ], [ -82.536898, 34.33141 ], [ -82.536756, 34.331688 ], [ -82.536763, 34.33182 ], [ -82.536828, 34.331904 ], [ -82.53697, 34.331923 ], [ -82.537449, 34.331899 ], [ -82.537564, 34.331957 ], [ -82.537662, 34.332114 ], [ -82.537374, 34.332148 ], [ -82.537084, 34.332253 ], [ -82.536614, 34.332527 ], [ -82.53636, 34.33265 ], [ -82.535965, 34.332775 ], [ -82.535633, 34.332796 ], [ -82.535568, 34.332753 ], [ -82.535498, 34.332499 ], [ -82.535503, 34.332179 ], [ -82.535559, 34.331993 ], [ -82.535701, 34.331787 ] ] ] } },
{ "type": "Feature", "properties": { "mukey": "1154993", "musym": "CcD", "muname": "Cecil-Cataula complex, 10 to 15 percent slopes, moderately eroded", "aws025wta": 3.35, "soil_area_m2": 28579.01791960865 }, "geometry": { "type": "Polygon", "coordinates": [ [ [ -82.544836, 34.332375 ], [ -82.545376, 34.33252 ], [ -82.545775, 34.332677 ], [ -82.546233, 34.332929 ], [ -82.546719, 34.333282 ], [ -82.54714, 34.333508 ], [ -82.545535, 34.334546 ], [ -82.545487, 34.334161 ], [ -82.545318, 34.333905 ], [ -82.545045, 34.333544 ], [ -82.544769, 34.333295 ], [ -82.544546, 34.333023 ], [ -82.544404, 34.332669 ], [ -82.544424, 34.332499 ], [ -82.5446, 34.332378 ], [ -82.544836, 34.332375 ] ] ] } },
{ "type": "Feature", "properties": { "mukey": "1154992", "musym": "CcC", "muname": "Cecil sandy loam, 6 to 10 percent slopes", "aws025wta": 2.99, "soil_area_m2": 27094.227180850903 }, "geometry": { "type": "Polygon", "coordinates": [ [ [ -82.543317, 34.332929 ], [ -82.543435, 34.332675 ], [ -82.543547, 34.332548 ], [ -82.54393, 34.332382 ], [ -82.544209, 34.332318 ], [ -82.5446, 34.332378 ], [ -82.544424, 34.332499 ], [ -82.544404, 34.332669 ], [ -82.544546, 34.333023 ], [ -82.544769, 34.333295 ], [ -82.545045, 34.333544 ], [ -82.545318, 34.333905 ], [ -82.545487, 34.334161 ], [ -82.545535, 34.334546 ], [ -82.544842, 34.334989 ], [ -82.544554, 34.334588 ], [ -82.544414, 34.334322 ], [ -82.544057, 34.333741 ], [ -82.543696, 34.333382 ], [ -82.543255, 34.333084 ], [ -82.543235, 34.333009 ], [ -82.543317, 34.332929 ] ] ] } },
{ "type": "Feature", "properties": { "mukey": "1154993", "musym": "CcD", "muname": "Cecil-Cataula complex, 10 to 15 percent slopes, moderately eroded", "aws025wta": 3.35, "soil_area_m2": 333715.11305501667 }, "geometry": { "type": "Polygon", "coordinates": [ [ [ -82.536669, 34.338673 ], [ -82.536915, 34.33855 ], [ -82.537062, 34.338558 ], [ -82.537181, 34.338584 ], [ -82.537641, 34.338719 ], [ -82.537874, 34.338735 ], [ -82.53814, 34.338727 ], [ -82.538211, 34.338695 ], [ -82.538239, 34.338665 ], [ -82.538292, 34.33854 ], [ -82.538253, 34.338333 ], [ -82.538071, 34.337983 ], [ -82.537881, 34.337781 ], [ -82.537328, 34.337122 ], [ -82.537106, 34.336791 ], [ -82.536951, 34.336598 ], [ -82.536774, 34.336416 ], [ -82.536671, 34.336251 ], [ -82.536598, 34.336221 ], [ -82.536601, 34.336192 ], [ -82.536563, 34.336117 ], [ -82.536505, 34.336041 ], [ -82.536334, 34.335912 ], [ -82.536198, 34.335791 ], [ -82.536121, 34.335727 ], [ -82.536078, 34.335751 ], [ -82.536059, 34.33582 ], [ -82.536074, 34.335891 ], [ -82.536126, 34.336004 ], [ -82.536159, 34.336209 ], [ -82.536156, 34.336712 ], [ -82.535642, 34.336241 ], [ -82.535455, 34.336114 ], [ -82.535409, 34.336066 ], [ -82.535288, 34.335891 ], [ -82.535281, 34.335574 ], [ -82.535254, 34.335439 ], [ -82.535098, 34.335233 ], [ -82.534903, 34.33512 ], [ -82.534739, 34.334959 ], [ -82.534675, 34.334808 ], [ -82.534671, 34.334495 ], [ -82.534605, 34.334348 ], [ -82.534563, 34.334314 ], [ -82.534439, 34.334266 ], [ -82.533679, 34.334185 ], [ -82.532823, 34.333902 ], [ -82.532548, 34.333749 ], [ -82.532532, 34.333725 ], [ -82.53232, 34.33338 ], [ -82.532018, 34.333046 ], [ -82.531823, 34.332761 ], [ -82.531502, 34.33244 ], [ -82.531419, 34.332333 ], [ -82.531253, 34.332184 ], [ -82.530826, 34.331741 ], [ -82.530647, 34.331469 ], [ -82.53048, 34.331286 ], [ -82.530393, 34.331156 ], [ -82.530252, 34.330887 ], [ -82.530197, 34.330737 ], [ -82.530198, 34.33055 ], [ -82.53024, 34.330437 ], [ -82.530393, 34.330523 ], [ -82.530526, 34.330626 ], [ -82.530878, 34.331019 ], [ -82.531175, 34.331423 ], [ -82.531546, 34.331834 ], [ -82.531802, 34.332055 ], [ -82.532017, 34.332205 ], [ -82.532183, 34.332271 ], [ -82.532618, 34.332324 ], [ -82.532824, 34.332475 ], [ -82.532931, 34.33259 ], [ -82.53307, 34.332824 ], [ -82.533137, 34.332975 ], [ -82.533177, 34.333142 ], [ -82.533293, 34.333407 ], [ -82.533443, 34.33339 ], [ -82.533562, 34.333269 ], [ -82.533648, 34.332927 ], [ -82.533818, 34.332739 ], [ -82.533824, 34.332713 ], [ -82.533806, 34.332563 ], [ -82.533703, 34.332269 ], [ -82.533637, 34.331764 ], [ -82.5335, 34.331413 ], [ -82.533316, 34.331191 ], [ -82.533115, 34.33104 ], [ -82.532973, 34.331013 ], [ -82.532703, 34.330993 ], [ -82.532627, 34.330971 ], [ -82.532566, 34.330906 ], [ -82.532538, 34.330799 ], [ -82.53256, 34.330709 ], [ -82.532737, 34.330528 ], [ -82.532796, 34.330394 ], [ -82.532804, 34.330287 ], [ -82.532719, 34.330154 ], [ -82.532394, 34.329902 ], [ -82.532078, 34.329763 ], [ -82.531522, 34.329445 ], [ -82.531385, 34.329311 ], [ -82.531338, 34.329157 ], [ -82.531356, 34.329043 ], [ -82.531457, 34.328939 ], [ -82.531521, 34.328916 ], [ -82.531703, 34.328893 ], [ -82.531941, 34.328966 ], [ -82.532026, 34.329022 ], [ -82.532203, 34.329188 ], [ -82.532517, 34.329243 ], [ -82.532668, 34.329227 ], [ -82.532905, 34.328989 ], [ -82.532959, 34.328957 ], [ -82.533114, 34.32894 ], [ -82.533201, 34.328874 ], [ -82.533212, 34.32861 ], [ -82.533261, 34.328422 ], [ -82.533338, 34.328334 ], [ -82.533447, 34.328285 ], [ -82.533536, 34.328576 ], [ -82.533632, 34.329054 ], [ -82.533883, 34.329285 ], [ -82.534211, 34.329338 ], [ -82.533764, 34.329658 ], [ -82.533681, 34.329809 ], [ -82.533693, 34.330029 ], [ -82.53383, 34.330273 ], [ -82.534234, 34.330671 ], [ -82.534279, 34.330783 ], [ -82.534425, 34.330963 ], [ -82.534436, 34.331013 ], [ -82.534462, 34.331138 ], [ -82.534562, 34.331308 ], [ -82.534628, 34.331471 ], [ -82.534625, 34.331858 ], [ -82.534663, 34.331922 ], [ -82.534762, 34.331973 ], [ -82.534859, 34.331944 ], [ -82.534941, 34.331785 ], [ -82.534981, 34.331596 ], [ -82.535121, 34.331217 ], [ -82.535225, 34.331096 ], [ -82.535304, 34.331039 ], [ -82.535491, 34.330999 ], [ -82.535651, 34.330997 ], [ -82.535844, 34.331148 ], [ -82.53587, 34.331223 ], [ -82.535853, 34.33137 ], [ -82.535784, 34.331629 ], [ -82.535701, 34.331787 ], [ -82.535559, 34.331993 ], [ -82.535503, 34.332179 ], [ -82.535498, 34.332499 ], [ -82.535568, 34.332753 ], [ -82.535633, 34.332796 ], [ -82.535965, 34.332775 ], [ -82.53636, 34.33265 ], [ -82.536614, 34.332527 ], [ -82.537084, 34.332253 ], [ -82.537374, 34.332148 ], [ -82.537662, 34.332114 ], [ -82.53793, 34.332088 ], [ -82.538441, 34.331967 ], [ -82.538674, 34.331965 ], [ -82.538721, 34.331987 ], [ -82.53881, 34.332078 ], [ -82.538816, 34.33213 ], [ -82.538786, 34.332288 ], [ -82.538552, 34.332535 ], [ -82.537897, 34.332653 ], [ -82.536907, 34.332743 ], [ -82.536755, 34.332784 ], [ -82.53652, 34.332873 ], [ -82.5364, 34.332937 ], [ -82.536078, 34.333175 ], [ -82.536008, 34.333245 ], [ -82.535908, 34.333435 ], [ -82.535883, 34.333631 ], [ -82.535917, 34.333685 ], [ -82.535709, 34.333963 ], [ -82.535691, 34.33411 ], [ -82.535716, 34.334358 ], [ -82.535826, 34.334503 ], [ -82.536018, 34.334707 ], [ -82.536046, 34.334764 ], [ -82.536056, 34.334921 ], [ -82.535855, 34.335128 ], [ -82.535824, 34.335271 ], [ -82.535828, 34.335354 ], [ -82.535989, 34.335479 ], [ -82.536858, 34.335676 ], [ -82.537205, 34.335646 ], [ -82.537439, 34.335485 ], [ -82.53756, 34.335302 ], [ -82.537578, 34.335217 ], [ -82.537622, 34.335181 ], [ -82.537802, 34.33511 ], [ -82.537969, 34.335132 ], [ -82.538029, 34.335195 ], [ -82.538046, 34.33536 ], [ -82.538036, 34.335405 ], [ -82.537994, 34.335461 ], [ -82.537219, 34.336112 ], [ -82.537194, 34.336233 ], [ -82.537237, 34.336322 ], [ -82.537408, 34.33635 ], [ -82.537479, 34.336346 ], [ -82.537634, 34.336296 ], [ -82.53794, 34.33613 ], [ -82.538023, 34.336104 ], [ -82.538164, 34.336108 ], [ -82.538291, 34.336203 ], [ -82.538344, 34.336286 ], [ -82.5383, 34.337006 ], [ -82.538294, 34.337572 ], [ -82.538307, 34.337658 ], [ -82.538358, 34.337753 ], [ -82.538506, 34.337777 ], [ -82.538644, 34.337735 ], [ -82.538748, 34.337669 ], [ -82.538935, 34.337441 ], [ -82.539098, 34.337012 ], [ -82.539197, 34.336498 ], [ -82.53927, 34.336372 ], [ -82.539319, 34.33633 ], [ -82.539437, 34.336328 ], [ -82.539575, 34.336429 ], [ -82.539689, 34.336707 ], [ -82.539762, 34.336804 ], [ -82.539935, 34.336931 ], [ -82.540249, 34.337038 ], [ -82.54042, 34.337056 ], [ -82.540435, 34.33707 ], [ -82.540525, 34.337064 ], [ -82.540801, 34.336933 ], [ -82.540941, 34.336796 ], [ -82.540961, 34.336548 ], [ -82.540848, 34.336391 ], [ -82.54057, 34.336191 ], [ -82.539985, 34.335885 ], [ -82.539854, 34.335794 ], [ -82.540133, 34.335789 ], [ -82.54065, 34.335866 ], [ -82.540929, 34.335965 ], [ -82.541082, 34.335981 ], [ -82.541237, 34.335943 ], [ -82.541326, 34.335945 ], [ -82.541553, 34.335985 ], [ -82.5416, 34.336015 ], [ -82.541657, 34.336058 ], [ -82.541904, 34.336096 ], [ -82.542, 34.33609 ], [ -82.542114, 34.335969 ], [ -82.542168, 34.335237 ], [ -82.542166, 34.335052 ], [ -82.542141, 34.334844 ], [ -82.541872, 34.333885 ], [ -82.541495, 34.333144 ], [ -82.541459, 34.332981 ], [ -82.541372, 34.332791 ], [ -82.541328, 34.332493 ], [ -82.541338, 34.332397 ], [ -82.541364, 34.332119 ], [ -82.541488, 34.331874 ], [ -82.541614, 34.331788 ], [ -82.541731, 34.331758 ], [ -82.542011, 34.331785 ], [ -82.542171, 34.331912 ], [ -82.542261, 34.332024 ], [ -82.54233, 34.332173 ], [ -82.542344, 34.332378 ], [ -82.542174, 34.332649 ], [ -82.542178, 34.33281 ], [ -82.542329, 34.333019 ], [ -82.542461, 34.33308 ], [ -82.542652, 34.333092 ], [ -82.543134, 34.33301 ], [ -82.543235, 34.333009 ], [ -82.543255, 34.333084 ], [ -82.543696, 34.333382 ], [ -82.544057, 34.333741 ], [ -82.544414, 34.334322 ], [ -82.544554, 34.334588 ], [ -82.544842, 34.334989 ], [ -82.543087872523301, 34.336113464274156 ], [ -82.542942067422842, 34.336047822496212 ], [ -82.542911732087461, 34.336119276812411 ], [ -82.542817984970227, 34.336286467920083 ], [ -82.537572, 34.339649 ], [ -82.537463, 34.339592 ], [ -82.537376, 34.339503 ], [ -82.537052, 34.3391 ], [ -82.536888, 34.339072 ], [ -82.536844, 34.33888 ], [ -82.536669, 34.338673 ] ], [ [ -82.534377, 34.332392 ], [ -82.534442, 34.332494 ], [ -82.534484, 34.332565 ], [ -82.534474, 34.332631 ], [ -82.534424, 34.332732 ], [ -82.534402, 34.332819 ], [ -82.534395, 34.332898 ], [ -82.534411, 34.332971 ], [ -82.534392, 34.333055 ], [ -82.53437, 34.33311 ], [ -82.534314, 34.333161 ], [ -82.534291, 34.33319 ], [ -82.534303, 34.333213 ], [ -82.53432, 34.333249 ], [ -82.53433, 34.333256 ], [ -82.534457, 34.333278 ], [ -82.534692, 34.333288 ], [ -82.534835, 34.333264 ], [ -82.534904, 34.333216 ], [ -82.534911, 34.333153 ], [ -82.534846, 34.333035 ], [ -82.534799, 34.332986 ], [ -82.534746, 34.332702 ], [ -82.534682, 34.332583 ], [ -82.534591, 34.332473 ], [ -82.534591, 34.332423 ], [ -82.534531, 34.332309 ], [ -82.534441, 34.332286 ], [ -82.534376, 34.332318 ], [ -82.534377, 34.332392 ] ] ] } },
{ "type": "Feature", "properties": { "mukey": "1154992", "musym": "CcC", "muname": "Cecil sandy loam, 6 to 10 percent slopes", "aws025wta": 2.99, "soil_area_m2": 32059.795967368882 }, "geometry": { "type": "Polygon", "coordinates": [ [ [ -82.541743, 34.33582 ], [ -82.541737, 34.335677 ], [ -82.541668, 34.335447 ], [ -82.541456, 34.33513 ], [ -82.541441, 34.334979 ], [ -82.541521, 34.334656 ], [ -82.541489, 34.334461 ], [ -82.541409, 34.334222 ], [ -82.54137, 34.334175 ], [ -82.541185, 34.334043 ], [ -82.540795, 34.334036 ], [ -82.540654, 34.334004 ], [ -82.540563, 34.333894 ], [ -82.540568, 34.333523 ], [ -82.540553, 34.333451 ], [ -82.540183, 34.333197 ], [ -82.540028, 34.333015 ], [ -82.540007, 34.332969 ], [ -82.540004, 34.332877 ], [ -82.540045, 34.332754 ], [ -82.540233, 34.332536 ], [ -82.540504, 34.332453 ], [ -82.541338, 34.332397 ], [ -82.541328, 34.332493 ], [ -82.541372, 34.332791 ], [ -82.541459, 34.332981 ], [ -82.541495, 34.333144 ], [ -82.541872, 34.333885 ], [ -82.542141, 34.334844 ], [ -82.542166, 34.335052 ], [ -82.542168, 34.335237 ], [ -82.542114, 34.335969 ], [ -82.542, 34.33609 ], [ -82.541904, 34.336096 ], [ -82.541657, 34.336058 ], [ -82.5416, 34.336015 ], [ -82.541743, 34.33582 ] ] ] } },
{ "type": "Feature", "properties": { "mukey": "1154992", "musym": "CcC", "muname": "Cecil sandy loam, 6 to 10 percent slopes", "aws025wta": 2.99, "soil_area_m2": 35187.186358577179 }, "geometry": { "type": "Polygon", "coordinates": [ [ [ -82.535978, 34.333695 ], [ -82.536263, 34.333681 ], [ -82.536514, 34.333635 ], [ -82.536868, 34.333399 ], [ -82.537066, 34.333308 ], [ -82.537249, 34.333266 ], [ -82.537469, 34.33327 ], [ -82.537576, 34.333287 ], [ -82.537774, 34.333346 ], [ -82.537903, 34.333469 ], [ -82.537944, 34.333617 ], [ -82.537941, 34.33382 ], [ -82.537903, 34.333955 ], [ -82.537819, 34.33413 ], [ -82.53757, 34.334392 ], [ -82.537367, 34.334503 ], [ -82.537054, 34.334578 ], [ -82.536836, 34.334681 ], [ -82.536763, 34.334758 ], [ -82.536679, 34.334896 ], [ -82.536671, 34.334967 ], [ -82.536699, 34.335001 ], [ -82.536757, 34.335027 ], [ -82.537308, 34.335059 ], [ -82.537552, 34.335164 ], [ -82.537578, 34.335217 ], [ -82.53756, 34.335302 ], [ -82.537439, 34.335485 ], [ -82.537205, 34.335646 ], [ -82.536858, 34.335676 ], [ -82.535989, 34.335479 ], [ -82.535828, 34.335354 ], [ -82.535824, 34.335271 ], [ -82.535855, 34.335128 ], [ -82.536056, 34.334921 ], [ -82.536046, 34.334764 ], [ -82.536018, 34.334707 ], [ -82.535826, 34.334503 ], [ -82.535716, 34.334358 ], [ -82.535691, 34.33411 ], [ -82.535709, 34.333963 ], [ -82.535917, 34.333685 ], [ -82.535978, 34.333695 ] ] ] } },
{ "type": "Feature", "properties": { "mukey": "131794", "musym": "CdC", "muname": "Cecil sandy loam, 6 to 10 percent slopes", "aws025wta": 2.99, "soil_area_m2": 54281.819155786194 }, "geometry": { "type": "Polygon", "coordinates": [ [ [ -82.555714, 34.328794 ], [ -82.555629, 34.32891 ], [ -82.555644, 34.329076 ], [ -82.555747, 34.329232 ], [ -82.555918, 34.329326 ], [ -82.556181, 34.3294 ], [ -82.556234902603094, 34.329408664354538 ], [ -82.556312692994268, 34.329843563649519 ], [ -82.556338888402408, 34.330285431368246 ], [ -82.556338891225678, 34.330328328017764 ], [ -82.55627, 34.330328 ], [ -82.55583, 34.33034 ], [ -82.555326, 34.330421 ], [ -82.555066, 34.330504 ], [ -82.554908, 34.330592 ], [ -82.554795, 34.330693 ], [ -82.554705, 34.330854 ], [ -82.554731, 34.331145 ], [ -82.55498, 34.3315 ], [ -82.55512, 34.33161 ], [ -82.555126, 34.331656 ], [ -82.55507, 34.331763 ], [ -82.55497, 34.33187 ], [ -82.554779, 34.331885 ], [ -82.554335, 34.331762 ], [ -82.554112, 34.331643 ], [ -82.553836, 34.331334 ], [ -82.553249, 34.33087 ], [ -82.553101, 34.330769 ], [ -82.552652, 34.330558 ], [ -82.552529, 34.330376 ], [ -82.552629, 34.330341 ], [ -82.553074, 34.330298 ], [ -82.553265, 34.330189 ], [ -82.553332, 34.330094 ], [ -82.553467, 34.329784 ], [ -82.553569, 34.329689 ], [ -82.553728, 34.329639 ], [ -82.553817, 34.329636 ], [ -82.553928, 34.329691 ], [ -82.554063, 34.329836 ], [ -82.554269, 34.329899 ], [ -82.554503, 34.329912 ], [ -82.554664, 34.32986 ], [ -82.55478, 34.329681 ], [ -82.554817, 34.329523 ], [ -82.554793, 34.32929 ], [ -82.554805, 34.329262 ], [ -82.554973, 34.329135 ], [ -82.555055, 34.329054 ], [ -82.555095, 34.32897 ], [ -82.555083, 34.328913 ], [ -82.555028, 34.328816 ], [ -82.554849, 34.328669 ], [ -82.554727, 34.328635 ], [ -82.55539, 34.328199 ], [ -82.555703, 34.32848 ], [ -82.555922802253079, 34.328556181625018 ], [ -82.555925140362476, 34.32856028230168 ], [ -82.555964995812957, 34.32865267701915 ], [ -82.555714, 34.328794 ] ] ] } },
{ "type": "Feature", "properties": { "mukey": "1154992", "musym": "CcC", "muname": "Cecil sandy loam, 6 to 10 percent slopes", "aws025wta": 2.99, "soil_area_m2": 19609.876342929623 }, "geometry": { "type": "Polygon", "coordinates": [ [ [ -82.548591, 34.332592 ], [ -82.548469, 34.33256 ], [ -82.548179, 34.332521 ], [ -82.547915, 34.332418 ], [ -82.547775, 34.332322 ], [ -82.54765, 34.332193 ], [ -82.547644, 34.332146 ], [ -82.547676, 34.332015 ], [ -82.54785, 34.331893 ], [ -82.548622, 34.331615 ], [ -82.549104, 34.331423 ], [ -82.550235, 34.331157 ], [ -82.550953, 34.331092 ], [ -82.548591, 34.332592 ] ] ] } },
{ "type": "Feature", "properties": { "mukey": "131813", "musym": "PaE", "muname": "Pacolet sandy loam, 15 to 25 percent slopes", "aws025wta": 3.63, "soil_area_m2": 146218.30833475955 }, "geometry": { "type": "MultiPolygon", "coordinates": [ [ [ [ -82.545797, 34.33733 ], [ -82.54593, 34.33726 ], [ -82.545997, 34.337247 ], [ -82.546105, 34.337239 ], [ -82.546317, 34.337267 ], [ -82.546723, 34.337355 ], [ -82.546798, 34.33736 ], [ -82.547005, 34.337334 ], [ -82.547118, 34.337217 ], [ -82.547154, 34.336983 ], [ -82.547199, 34.33684 ], [ -82.547364, 34.336681 ], [ -82.547439, 34.336647 ], [ -82.547559, 34.336661 ], [ -82.547648, 34.336707 ], [ -82.547684, 34.336744 ], [ -82.547793, 34.336973 ], [ -82.547876, 34.337062 ], [ -82.547958, 34.33707 ], [ -82.548136, 34.337026 ], [ -82.54832, 34.337028 ], [ -82.548457, 34.337084 ], [ -82.548513, 34.337145 ], [ -82.548648, 34.337362 ], [ -82.54865769043262, 34.337410993871814 ], [ -82.548203611707024, 34.337466874159475 ], [ -82.547670935826758, 34.33748858743057 ], [ -82.547311590265181, 34.337488590034944 ], [ -82.547042059889534, 34.337488590406075 ], [ -82.546512561621924, 34.337467140796001 ], [ -82.545988102554219, 34.337402995797753 ], [ -82.545774005274041, 34.337358784823962 ], [ -82.545797, 34.33733 ] ] ], [ [ [ -82.552347, 34.335262 ], [ -82.552099, 34.335103 ], [ -82.551849, 34.335003 ], [ -82.551267, 34.334881 ], [ -82.551178, 34.334834 ], [ -82.551168, 34.334607 ], [ -82.551235, 34.334516 ], [ -82.551435, 34.334391 ], [ -82.551548, 34.334352 ], [ -82.551763, 34.334322 ], [ -82.553101, 34.334307 ], [ -82.553667, 34.33435 ], [ -82.55394, 34.3344 ], [ -82.554080814916304, 34.334399458076 ], [ -82.554065476526048, 34.33441088924716 ], [ -82.553638499611168, 34.334671503044198 ], [ -82.553199501149408, 34.3348881923459 ], [ -82.553264, 34.334832 ], [ -82.553443, 34.33465 ], [ -82.553465, 34.334607 ], [ -82.553461, 34.334574 ], [ -82.553437, 34.334543 ], [ -82.553367, 34.334526 ], [ -82.553163, 34.334532 ], [ -82.552621, 34.334538 ], [ -82.552553, 34.334542 ], [ -82.552468, 34.334556 ], [ -82.552422, 34.334571 ], [ -82.552379, 34.334616 ], [ -82.552385, 34.334662 ], [ -82.552447, 34.334711 ], [ -82.552501, 34.334775 ], [ -82.552643, 34.334989 ], [ -82.552721451410378, 34.335094263918855 ], [ -82.552685363329914, 34.335120015085288 ], [ -82.552380351429363, 34.335292531386585 ], [ -82.552347, 34.335262 ] ] ], [ [ [ -82.554109, 34.333729 ], [ -82.553924, 34.333711 ], [ -82.553667, 34.333659 ], [ -82.553608, 34.333632 ], [ -82.553457, 34.333487 ], [ -82.553459, 34.333272 ], [ -82.553538, 34.33308 ], [ -82.553541, 34.332976 ], [ -82.553467, 34.332866 ], [ -82.553309, 34.332752 ], [ -82.55294, 34.332655 ], [ -82.552087, 34.332616 ], [ -82.551759, 34.332524 ], [ -82.551581, 34.33241 ], [ -82.551521, 34.332282 ], [ -82.551533, 34.332164 ], [ -82.55167, 34.332044 ], [ -82.551995, 34.33202 ], [ -82.552134, 34.331965 ], [ -82.552179, 34.331909 ], [ -82.552188, 34.331709 ], [ -82.552071, 34.331574 ], [ -82.551576, 34.331249 ], [ -82.551374, 34.331145 ], [ -82.551281, 34.331122 ], [ -82.550953, 34.331092 ], [ -82.554727, 34.328635 ], [ -82.554849, 34.328669 ], [ -82.555028, 34.328816 ], [ -82.555083, 34.328913 ], [ -82.555095, 34.32897 ], [ -82.555055, 34.329054 ], [ -82.554973, 34.329135 ], [ -82.554805, 34.329262 ], [ -82.554793, 34.32929 ], [ -82.554817, 34.329523 ], [ -82.55478, 34.329681 ], [ -82.554664, 34.32986 ], [ -82.554503, 34.329912 ], [ -82.554269, 34.329899 ], [ -82.554063, 34.329836 ], [ -82.553928, 34.329691 ], [ -82.553817, 34.329636 ], [ -82.553728, 34.329639 ], [ -82.553569, 34.329689 ], [ -82.553467, 34.329784 ], [ -82.553332, 34.330094 ], [ -82.553265, 34.330189 ], [ -82.553074, 34.330298 ], [ -82.552629, 34.330341 ], [ -82.552529, 34.330376 ], [ -82.552652, 34.330558 ], [ -82.553101, 34.330769 ], [ -82.553249, 34.33087 ], [ -82.553836, 34.331334 ], [ -82.554112, 34.331643 ], [ -82.554335, 34.331762 ], [ -82.554779, 34.331885 ], [ -82.55497, 34.33187 ], [ -82.55507, 34.331763 ], [ -82.555126, 34.331656 ], [ -82.55512, 34.33161 ], [ -82.55498, 34.3315 ], [ -82.554731, 34.331145 ], [ -82.554705, 34.330854 ], [ -82.554795, 34.330693 ], [ -82.554908, 34.330592 ], [ -82.555066, 34.330504 ], [ -82.555326, 34.330421 ], [ -82.55583, 34.33034 ], [ -82.55627, 34.330328 ], [ -82.556338891225678, 34.330328328017764 ], [ -82.556338912078473, 34.330644756919291 ], [ -82.556312369675226, 34.33109002558988 ], [ -82.556232942729252, 34.331530942063246 ], [ -82.556101407195143, 34.331963194261519 ], [ -82.55591904868902, 34.332382554775855 ], [ -82.555687649945042, 34.332784922214351 ], [ -82.555409473406797, 34.333166361320181 ], [ -82.555087239123026, 34.33352314146665 ], [ -82.554907996092894, 34.33370239360832 ], [ -82.554109, 34.333729 ] ] ], [ [ [ -82.556181, 34.3294 ], [ -82.555918, 34.329326 ], [ -82.555747, 34.329232 ], [ -82.555644, 34.329076 ], [ -82.555629, 34.32891 ], [ -82.555714, 34.328794 ], [ -82.555964995812957, 34.32865267701915 ], [ -82.556104817251395, 34.328976815636011 ], [ -82.556234417740214, 34.329405953637156 ], [ -82.556234902603094, 34.329408664354538 ], [ -82.556181, 34.3294 ] ] ] ] } },
{ "type": "Feature", "properties": { "mukey": "131795", "musym": "CdD", "muname": "Cecil-Cataula complex, 10 to 15 percent slopes, moderately eroded", "aws025wta": 3.35, "soil_area_m2": 13034.491462437083 }, "geometry": { "type": "Polygon", "coordinates": [ [ [ -82.54714, 34.333508 ], [ -82.547413, 34.333798 ], [ -82.547503, 34.333933 ], [ -82.547546, 34.334051 ], [ -82.547749, 34.33432 ], [ -82.547557, 34.334344 ], [ -82.547113, 34.334316 ], [ -82.546886, 34.334364 ], [ -82.546396, 34.334628 ], [ -82.546011, 34.334874 ], [ -82.545866, 34.334939 ], [ -82.545733, 34.334949 ], [ -82.545633, 34.334899 ], [ -82.545587, 34.334844 ], [ -82.545535, 34.334772 ], [ -82.545535, 34.334546 ], [ -82.54714, 34.333508 ] ] ] } },
{ "type": "Feature", "properties": { "mukey": "131817", "musym": "W", "muname": "Water", "aws025wta": null, "soil_area_m2": 3877.4571198751564 }, "geometry": { "type": "Polygon", "coordinates": [ [ [ -82.553367, 34.334526 ], [ -82.553437, 34.334543 ], [ -82.553461, 34.334574 ], [ -82.553465, 34.334607 ], [ -82.553443, 34.33465 ], [ -82.553264, 34.334832 ], [ -82.553199501149408, 34.3348881923459 ], [ -82.553182942707238, 34.334896365528209 ], [ -82.55277721970289, 34.335054469604323 ], [ -82.552721451410378, 34.335094263918855 ], [ -82.552643, 34.334989 ], [ -82.552501, 34.334775 ], [ -82.552447, 34.334711 ], [ -82.552385, 34.334662 ], [ -82.552379, 34.334616 ], [ -82.552422, 34.334571 ], [ -82.552468, 34.334556 ], [ -82.552553, 34.334542 ], [ -82.552621, 34.334538 ], [ -82.553163, 34.334532 ], [ -82.553367, 34.334526 ] ] ] } },
{ "type": "Feature", "properties": { "mukey": "131794", "musym": "CdC", "muname": "Cecil sandy loam, 6 to 10 percent slopes", "aws025wta": 2.99, "soil_area_m2": 118304.83398991608 }, "geometry": { "type": "Polygon", "coordinates": [ [ [ -82.551896, 34.335612 ], [ -82.551692, 34.335426 ], [ -82.551588, 34.335356 ], [ -82.551426, 34.335283 ], [ -82.551135, 34.335215 ], [ -82.550547, 34.335153 ], [ -82.550236, 34.335002 ], [ -82.550207, 34.334975 ], [ -82.550172, 34.334869 ], [ -82.550194, 34.334653 ], [ -82.550285, 34.334507 ], [ -82.550417, 34.334417 ], [ -82.550731, 34.334275 ], [ -82.550868, 34.334189 ], [ -82.551434, 34.333917 ], [ -82.551679, 34.333697 ], [ -82.551795, 34.333479 ], [ -82.551821, 34.333287 ], [ -82.551662, 34.333129 ], [ -82.551386, 34.333113 ], [ -82.551039, 34.333259 ], [ -82.550725, 34.333471 ], [ -82.550448, 34.333768 ], [ -82.550199, 34.333955 ], [ -82.549901, 34.33409 ], [ -82.549531, 34.334163 ], [ -82.54933, 34.334163 ], [ -82.549107, 34.33413 ], [ -82.548924, 34.33401 ], [ -82.548882, 34.333947 ], [ -82.548853, 34.333735 ], [ -82.548823, 34.333038 ], [ -82.548729, 34.332754 ], [ -82.548591, 34.332592 ], [ -82.550953, 34.331092 ], [ -82.551281, 34.331122 ], [ -82.551374, 34.331145 ], [ -82.551576, 34.331249 ], [ -82.552071, 34.331574 ], [ -82.552188, 34.331709 ], [ -82.552179, 34.331909 ], [ -82.552134, 34.331965 ], [ -82.551995, 34.33202 ], [ -82.55167, 34.332044 ], [ -82.551533, 34.332164 ], [ -82.551521, 34.332282 ], [ -82.551581, 34.33241 ], [ -82.551759, 34.332524 ], [ -82.552087, 34.332616 ], [ -82.55294, 34.332655 ], [ -82.553309, 34.332752 ], [ -82.553467, 34.332866 ], [ -82.553541, 34.332976 ], [ -82.553538, 34.33308 ], [ -82.553459, 34.333272 ], [ -82.553457, 34.333487 ], [ -82.553608, 34.333632 ], [ -82.553667, 34.333659 ], [ -82.553924, 34.333711 ], [ -82.554109, 34.333729 ], [ -82.554907996092894, 34.33370239360832 ], [ -82.554817749039984, 34.333792644868431 ], [ -82.55445981042395, 34.334117004277196 ], [ -82.554080814916304, 34.334399458076 ], [ -82.55394, 34.3344 ], [ -82.553667, 34.33435 ], [ -82.553101, 34.334307 ], [ -82.551763, 34.334322 ], [ -82.551548, 34.334352 ], [ -82.551435, 34.334391 ], [ -82.551235, 34.334516 ], [ -82.551168, 34.334607 ], [ -82.551178, 34.334834 ], [ -82.551267, 34.334881 ], [ -82.551849, 34.335003 ], [ -82.552099, 34.335103 ], [ -82.552347, 34.335262 ], [ -82.552380351429363, 34.335292531386585 ], [ -82.55229261436746, 34.335342155652626 ], [ -82.552189447477915, 34.335484956064683 ], [ -82.551963855001887, 34.335737309090838 ], [ -82.551896, 34.335612 ] ] ] } },
{ "type": "Feature", "properties": { "mukey": "131793", "musym": "CdB", "muname": "Cecil sandy loam, 2 to 6 percent slopes", "aws025wta": 2.95, "soil_area_m2": 76767.253606234372 }, "geometry": { "type": "Polygon", "coordinates": [ [ [ -82.547546, 34.334051 ], [ -82.547503, 34.333933 ], [ -82.547413, 34.333798 ], [ -82.54714, 34.333508 ], [ -82.548591, 34.332592 ], [ -82.548729, 34.332754 ], [ -82.548823, 34.333038 ], [ -82.548853, 34.333735 ], [ -82.548882, 34.333947 ], [ -82.548924, 34.33401 ], [ -82.549107, 34.33413 ], [ -82.54933, 34.334163 ], [ -82.549531, 34.334163 ], [ -82.549901, 34.33409 ], [ -82.550199, 34.333955 ], [ -82.550448, 34.333768 ], [ -82.550725, 34.333471 ], [ -82.551039, 34.333259 ], [ -82.551386, 34.333113 ], [ -82.551662, 34.333129 ], [ -82.551821, 34.333287 ], [ -82.551795, 34.333479 ], [ -82.551679, 34.333697 ], [ -82.551434, 34.333917 ], [ -82.550868, 34.334189 ], [ -82.550731, 34.334275 ], [ -82.550417, 34.334417 ], [ -82.550285, 34.334507 ], [ -82.550194, 34.334653 ], [ -82.550172, 34.334869 ], [ -82.550207, 34.334975 ], [ -82.550236, 34.335002 ], [ -82.550547, 34.335153 ], [ -82.551135, 34.335215 ], [ -82.551426, 34.335283 ], [ -82.551588, 34.335356 ], [ -82.551692, 34.335426 ], [ -82.551896, 34.335612 ], [ -82.551963855001887, 34.335737309090838 ], [ -82.551871778062974, 34.335840307968773 ], [ -82.551513648007855, 34.336168118463469 ], [ -82.55111850616332, 34.336465230249686 ], [ -82.550690157981734, 34.33672878166675 ], [ -82.550232728866817, 34.336956234264406 ], [ -82.549750624435916, 34.33714539726185 ], [ -82.549356082191892, 34.337262511228396 ], [ -82.549695, 34.336838 ], [ -82.549934, 34.336435 ], [ -82.550015, 34.336028 ], [ -82.550013, 34.335751 ], [ -82.549985, 34.335632 ], [ -82.549788, 34.335303 ], [ -82.549614, 34.335118 ], [ -82.549396, 34.334951 ], [ -82.549337, 34.334923 ], [ -82.549104, 34.334868 ], [ -82.548405, 34.33475 ], [ -82.548215, 34.334699 ], [ -82.548057, 34.334616 ], [ -82.547749, 34.33432 ], [ -82.547546, 34.334051 ] ] ] } },
{ "type": "Feature", "properties": { "mukey": "131794", "musym": "CdC", "muname": "Cecil sandy loam, 6 to 10 percent slopes", "aws025wta": 2.99, "soil_area_m2": 81024.48118989759 }, "geometry": { "type": "MultiPolygon", "coordinates": [ [ [ [ -82.548057, 34.334616 ], [ -82.548215, 34.334699 ], [ -82.548405, 34.33475 ], [ -82.549104, 34.334868 ], [ -82.549337, 34.334923 ], [ -82.549396, 34.334951 ], [ -82.549614, 34.335118 ], [ -82.549788, 34.335303 ], [ -82.549985, 34.335632 ], [ -82.550013, 34.335751 ], [ -82.550015, 34.336028 ], [ -82.549934, 34.336435 ], [ -82.549695, 34.336838 ], [ -82.548831, 34.33658 ], [ -82.548701, 34.336487 ], [ -82.54857, 34.336431 ], [ -82.54831, 34.336432 ], [ -82.548094, 34.336394 ], [ -82.547944, 34.336267 ], [ -82.547836, 34.336138 ], [ -82.547751, 34.335935 ], [ -82.547601, 34.33535 ], [ -82.547532, 34.335203 ], [ -82.547297, 34.335018 ], [ -82.54708, 34.334927 ], [ -82.546864, 34.334927 ], [ -82.546689, 34.334981 ], [ -82.546473, 34.335147 ], [ -82.546366, 34.33535 ], [ -82.546346, 34.335551 ], [ -82.546454, 34.336102 ], [ -82.546473, 34.336358 ], [ -82.54639, 34.33658 ], [ -82.546257, 34.336615 ], [ -82.546042, 34.336596 ], [ -82.54585, 34.336542 ], [ -82.54559, 34.33634 ], [ -82.545415, 34.336175 ], [ -82.545199, 34.336137 ], [ -82.544832, 34.336175 ], [ -82.544463, 34.336249 ], [ -82.544077, 34.336378 ], [ -82.543760104697938, 34.336567528295895 ], [ -82.543611780251268, 34.336476996181091 ], [ -82.543451175261026, 34.336357303561329 ], [ -82.543796, 34.336102 ], [ -82.54438, 34.335735 ], [ -82.544552, 34.335604 ], [ -82.544704, 34.335421 ], [ -82.5449, 34.33509 ], [ -82.544842, 34.334989 ], [ -82.545535, 34.334546 ], [ -82.545535, 34.334772 ], [ -82.545587, 34.334844 ], [ -82.545633, 34.334899 ], [ -82.545733, 34.334949 ], [ -82.545866, 34.334939 ], [ -82.546011, 34.334874 ], [ -82.546396, 34.334628 ], [ -82.546886, 34.334364 ], [ -82.547113, 34.334316 ], [ -82.547557, 34.334344 ], [ -82.547749, 34.33432 ], [ -82.548057, 34.334616 ] ] ], [ [ [ -82.54183, 34.337479 ], [ -82.541744, 34.337479 ], [ -82.541719, 34.337405 ], [ -82.541719, 34.337312 ], [ -82.541809, 34.337219 ], [ -82.541959, 34.33711 ], [ -82.542196, 34.337036 ], [ -82.542353940900909, 34.336969530760967 ], [ -82.542114149397975, 34.337242980455123 ], [ -82.541868343759816, 34.337472826037882 ], [ -82.54183, 34.337479 ] ] ] ] } },
{ "type": "Feature", "properties": { "mukey": "1154992", "musym": "CcC", "muname": "Cecil sandy loam, 6 to 10 percent slopes", "aws025wta": 2.99, "soil_area_m2": 24161.844578679884 }, "geometry": { "type": "Polygon", "coordinates": [ [ [ -82.541237, 34.335943 ], [ -82.541082, 34.335981 ], [ -82.540929, 34.335965 ], [ -82.54065, 34.335866 ], [ -82.540133, 34.335789 ], [ -82.539854, 34.335794 ], [ -82.539779, 34.335793 ], [ -82.539463, 34.335846 ], [ -82.539197, 34.335834 ], [ -82.539158, 34.335818 ], [ -82.539009, 34.335688 ], [ -82.538936, 34.33559 ], [ -82.538836, 34.335286 ], [ -82.538808, 34.334857 ], [ -82.538855, 34.334433 ], [ -82.538896, 34.334366 ], [ -82.539044, 34.334257 ], [ -82.539209, 34.334251 ], [ -82.539328, 34.334265 ], [ -82.539491, 34.334348 ], [ -82.539525, 34.334376 ], [ -82.539582, 34.334517 ], [ -82.539682, 34.334638 ], [ -82.539733, 34.334672 ], [ -82.539906, 34.334703 ], [ -82.540088, 34.334832 ], [ -82.540108, 34.33486 ], [ -82.540164, 34.335153 ], [ -82.540212, 34.335189 ], [ -82.540341, 34.335223 ], [ -82.540727, 34.335181 ], [ -82.540902, 34.335207 ], [ -82.541051, 34.335356 ], [ -82.541156, 34.335649 ], [ -82.541326, 34.335945 ], [ -82.541237, 34.335943 ] ] ] } },
{ "type": "Feature", "properties": { "mukey": "1155022", "musym": "W", "muname": "Water", "aws025wta": null, "soil_area_m2": 5158.4430835546436 }, "geometry": { "type": "Polygon", "coordinates": [ [ [ -82.536121, 34.335727 ], [ -82.536198, 34.335791 ], [ -82.536334, 34.335912 ], [ -82.536505, 34.336041 ], [ -82.536563, 34.336117 ], [ -82.536601, 34.336192 ], [ -82.536598, 34.336221 ], [ -82.536589, 34.33632 ], [ -82.536555, 34.336452 ], [ -82.5366, 34.336601 ], [ -82.536675, 34.336707 ], [ -82.536759, 34.336807 ], [ -82.536774, 34.336867 ], [ -82.536751, 34.336906 ], [ -82.536639, 34.336949 ], [ -82.536384, 34.336977 ], [ -82.53628, 34.336989 ], [ -82.536212, 34.33699 ], [ -82.536176, 34.33697 ], [ -82.536158, 34.336919 ], [ -82.536156, 34.336815 ], [ -82.536156, 34.336712 ], [ -82.536159, 34.336209 ], [ -82.536126, 34.336004 ], [ -82.536074, 34.335891 ], [ -82.536059, 34.33582 ], [ -82.536078, 34.335751 ], [ -82.536121, 34.335727 ] ] ] } },
{ "type": "Feature", "properties": { "mukey": "131795", "musym": "CdD", "muname": "Cecil-Cataula complex, 10 to 15 percent slopes, moderately eroded", "aws025wta": 3.35, "soil_area_m2": 91849.088245240666 }, "geometry": { "type": "MultiPolygon", "coordinates": [ [ [ [ -82.548648, 34.337362 ], [ -82.548513, 34.337145 ], [ -82.548457, 34.337084 ], [ -82.54832, 34.337028 ], [ -82.548136, 34.337026 ], [ -82.547958, 34.33707 ], [ -82.547876, 34.337062 ], [ -82.547793, 34.336973 ], [ -82.547684, 34.336744 ], [ -82.547648, 34.336707 ], [ -82.547559, 34.336661 ], [ -82.547439, 34.336647 ], [ -82.547364, 34.336681 ], [ -82.547199, 34.33684 ], [ -82.547154, 34.336983 ], [ -82.547118, 34.337217 ], [ -82.547005, 34.337334 ], [ -82.546798, 34.33736 ], [ -82.546723, 34.337355 ], [ -82.546317, 34.337267 ], [ -82.546105, 34.337239 ], [ -82.545997, 34.337247 ], [ -82.54593, 34.33726 ], [ -82.545797, 34.33733 ], [ -82.545774005274041, 34.337358784823962 ], [ -82.545473674017245, 34.337296765864743 ], [ -82.544974171840153, 34.337149461975656 ], [ -82.544494349735928, 34.336962486009064 ], [ -82.544038774042576, 34.336737617396537 ], [ -82.543760104697938, 34.336567528295895 ], [ -82.544077, 34.336378 ], [ -82.544463, 34.336249 ], [ -82.544832, 34.336175 ], [ -82.545199, 34.336137 ], [ -82.545415, 34.336175 ], [ -82.54559, 34.33634 ], [ -82.54585, 34.336542 ], [ -82.546042, 34.336596 ], [ -82.546257, 34.336615 ], [ -82.54639, 34.33658 ], [ -82.546473, 34.336358 ], [ -82.546454, 34.336102 ], [ -82.546346, 34.335551 ], [ -82.546366, 34.33535 ], [ -82.546473, 34.335147 ], [ -82.546689, 34.334981 ], [ -82.546864, 34.334927 ], [ -82.54708, 34.334927 ], [ -82.547297, 34.335018 ], [ -82.547532, 34.335203 ], [ -82.547601, 34.33535 ], [ -82.547751, 34.335935 ], [ -82.547836, 34.336138 ], [ -82.547944, 34.336267 ], [ -82.548094, 34.336394 ], [ -82.54831, 34.336432 ], [ -82.54857, 34.336431 ], [ -82.548701, 34.336487 ], [ -82.548831, 34.33658 ], [ -82.549695, 34.336838 ], [ -82.549356082191892, 34.337262511228396 ], [ -82.549248488077922, 34.337294448657858 ], [ -82.548731156216022, 34.337401952787971 ], [ -82.54865769043262, 34.337410993871814 ], [ -82.548648, 34.337362 ] ] ], [ [ [ -82.537813, 34.339771 ], [ -82.537683, 34.339721 ], [ -82.537572, 34.339649 ], [ -82.542817984970227, 34.336286467920083 ], [ -82.542690048518665, 34.336514632049663 ], [ -82.54242335611157, 34.336890371715732 ], [ -82.542353940900909, 34.336969530760967 ], [ -82.542196, 34.337036 ], [ -82.541959, 34.33711 ], [ -82.541809, 34.337219 ], [ -82.541719, 34.337312 ], [ -82.541719, 34.337405 ], [ -82.541744, 34.337479 ], [ -82.54183, 34.337479 ], [ -82.541868343759816, 34.337472826037882 ], [ -82.541765320772868, 34.337569159276043 ], [ -82.54138013344577, 34.337865856424017 ], [ -82.540962190917526, 34.338130295943259 ], [ -82.54033335756516, 34.338489637641217 ], [ -82.539868619162064, 34.338727564774572 ], [ -82.539377438000926, 34.338925598249602 ], [ -82.539200635587036, 34.338979446528143 ], [ -82.539115871811958, 34.339074260623278 ], [ -82.538757727187146, 34.339402070459258 ], [ -82.53836256955087, 34.33969918166337 ], [ -82.538112027979722, 34.339853327349104 ], [ -82.537813, 34.339771 ] ] ], [ [ [ -82.544842, 34.334989 ], [ -82.5449, 34.33509 ], [ -82.544704, 34.335421 ], [ -82.544552, 34.335604 ], [ -82.54438, 34.335735 ], [ -82.543796, 34.336102 ], [ -82.543451175261026, 34.336357303561329 ], [ -82.543217431735954, 34.336183102642707 ], [ -82.543183948696537, 34.336152761021467 ], [ -82.543141301659901, 34.336137518119052 ], [ -82.543087872523301, 34.336113464274156 ], [ -82.544842, 34.334989 ] ] ] ] } },
{ "type": "Feature", "properties": { "mukey": "131794", "musym": "CdC", "muname": "Cecil sandy loam, 6 to 10 percent slopes", "aws025wta": 2.99, "soil_area_m2": 1169.5009843378004 }, "geometry": { "type": "Polygon", "coordinates": [ [ [ -82.537372, 34.340211 ], [ -82.537524, 34.339997 ], [ -82.537813, 34.339771 ], [ -82.538112027979722, 34.339853327349104 ], [ -82.537934204478091, 34.339962732602942 ], [ -82.537476757503214, 34.340190184852119 ], [ -82.537369000687661, 34.340232463875111 ], [ -82.537372, 34.340211 ] ] ] } },
{ "type": "Feature", "properties": { "mukey": "131793", "musym": "CdB", "muname": "Cecil sandy loam, 2 to 6 percent slopes", "aws025wta": 2.95, "soil_area_m2": 4532.3545308505645 }, "geometry": { "type": "Polygon", "coordinates": [ [ [ -82.537572, 34.339649 ], [ -82.537683, 34.339721 ], [ -82.537813, 34.339771 ], [ -82.537524, 34.339997 ], [ -82.537372, 34.340211 ], [ -82.537369000687661, 34.340232463875111 ], [ -82.536994634381415, 34.340379347650682 ], [ -82.536492478645528, 34.340528399013621 ], [ -82.536045005765629, 34.340621382788399 ], [ -82.537572, 34.339649 ] ] ] } },
{ "type": "Feature", "properties": { "mukey": "131787", "musym": "ApB", "muname": "Appling sandy loam, 2 to 6 percent slopes", "aws025wta": 3.5, "soil_area_m2": 9681.4740401001909 }, "geometry": { "type": "Polygon", "coordinates": [ [ [ -82.530584, 34.344393 ], [ -82.530741, 34.344225 ], [ -82.531011, 34.344028 ], [ -82.531276, 34.343924 ], [ -82.531496, 34.343785 ], [ -82.531782, 34.343674 ], [ -82.532169, 34.343348 ], [ -82.532371, 34.343227 ], [ -82.532671, 34.343116 ], [ -82.532852, 34.343094 ], [ -82.533113, 34.343128 ], [ -82.533219088698999, 34.343154129477071 ], [ -82.533080539679489, 34.343279679778057 ], [ -82.532686150504617, 34.343573600702122 ], [ -82.532259108527597, 34.343834247052172 ], [ -82.531803477930282, 34.344059138052067 ], [ -82.531323595106542, 34.344246133214455 ], [ -82.530824027380888, 34.344393452722251 ], [ -82.530549394305581, 34.344450163603398 ], [ -82.530584, 34.344393 ] ] ] } },
{ "type": "Feature", "properties": { "mukey": "131793", "musym": "CdB", "muname": "Cecil sandy loam, 2 to 6 percent slopes", "aws025wta": 2.95, "soil_area_m2": 15971.761749685838 }, "geometry": { "type": "MultiPolygon", "coordinates": [ [ [ [ -82.524665, 34.352346 ], [ -82.524863, 34.352402 ], [ -82.525171, 34.352368 ], [ -82.525278, 34.352243 ], [ -82.525355, 34.351878 ], [ -82.525447, 34.351797 ], [ -82.525574, 34.351786 ], [ -82.525641, 34.351817 ], [ -82.525755, 34.351921 ], [ -82.525804, 34.352044 ], [ -82.52586251190742, 34.352286406533004 ], [ -82.525619347535027, 34.352407293217091 ], [ -82.525137147359004, 34.35259645517548 ], [ -82.524634911614626, 34.352745504882705 ], [ -82.524215674836697, 34.352832605485801 ], [ -82.524665, 34.352346 ] ] ], [ [ [ -82.527681, 34.350638 ], [ -82.527312, 34.350334 ], [ -82.527221, 34.350169 ], [ -82.527219, 34.350027 ], [ -82.527288, 34.349932 ], [ -82.527501, 34.349771 ], [ -82.52756, 34.349743 ], [ -82.527625, 34.349667 ], [ -82.527659, 34.349493 ], [ -82.527541, 34.349334 ], [ -82.527806, 34.349122 ], [ -82.528031, 34.349165 ], [ -82.528389184031724, 34.349304009649082 ], [ -82.528387952550204, 34.349310897832595 ], [ -82.528258373588955, 34.34974004927988 ], [ -82.528078700818611, 34.350156599821133 ], [ -82.527850663932327, 34.350556537654661 ], [ -82.527737342899727, 34.350713363263139 ], [ -82.527681, 34.350638 ] ] ] ] } }
]
}
